info: Microsoft.EntityFrameworkCore.Database.Command[20101]
      Executed DbCommand (27ms) [Parameters=[], CommandType='Text', CommandTimeout='30']
      SELECT COUNT(*) FROM "sqlite_master" WHERE "type" = 'table' AND "rootpage" IS NOT NULL;
info: Microsoft.EntityFrameworkCore.Database.Command[20101]
      Executed DbCommand (2ms) [Parameters=[], CommandType='Text', CommandTimeout='30']
      SELECT EXISTS (
          SELECT 1
          FROM "agents" AS "a")
info: Microsoft.EntityFrameworkCore.Database.Command[20101]
      Executed DbCommand (0ms) [Parameters=[], CommandType='Text', CommandTimeout='30']
      SELECT EXISTS (
          SELECT 1
          FROM "agents" AS "a")
info: CustomerSupportSla.Infrastructure.Persistence.Seed.StartupSeederHostedService[0]
      [seed] Stored seed version <none> differs from current 2026.09.16.priority-sla — wiping and re-seeding.
info: Microsoft.EntityFrameworkCore.Database.Command[20101]
      Executed DbCommand (4ms) [Parameters=[], CommandType='Text', CommandTimeout='30']
      DELETE FROM case_activities;
info: Microsoft.EntityFrameworkCore.Database.Command[20101]
      Executed DbCommand (2ms) [Parameters=[], CommandType='Text', CommandTimeout='30']
      DELETE FROM tickets;
info: Microsoft.EntityFrameworkCore.Database.Command[20101]
      Executed DbCommand (1ms) [Parameters=[], CommandType='Text', CommandTimeout='30']
      DELETE FROM agents;
info: Microsoft.EntityFrameworkCore.Database.Command[20101]
      Executed DbCommand (1ms) [Parameters=[], CommandType='Text', CommandTimeout='30']
      DELETE FROM routing_rules;
info: Microsoft.EntityFrameworkCore.Database.Command[20101]
      Executed DbCommand (1ms) [Parameters=[], CommandType='Text', CommandTimeout='30']
      DELETE FROM sla_policies;
info: Microsoft.EntityFrameworkCore.Database.Command[20101]
      Executed DbCommand (1ms) [Parameters=[], CommandType='Text', CommandTimeout='30']
      DELETE FROM escalation_workflows;
info: Microsoft.EntityFrameworkCore.Database.Command[20101]
      Executed DbCommand (1ms) [Parameters=[], CommandType='Text', CommandTimeout='30']
      DELETE FROM macros;
info: CustomerSupportSla.Infrastructure.Persistence.Seed.StartupSeederHostedService[0]
      [seed] Seeding SLA showcase database (version 2026.09.16.priority-sla, anchor 2026-07-28T14:30:00.0000000Z)...
info: Microsoft.EntityFrameworkCore.Database.Command[20101]
      Executed DbCommand (2ms) [Parameters=[@p0='?' (Size = 12), @p1='?' (DbType = Boolean), @p2='?' (DbType = Int32), @p3='?' (Size = 2), @p4='?' (Size = 9), @p5='?' (DbType = Int32), @p6='?' (Size = 5)], CommandType='Text', CommandTimeout='30']
      INSERT INTO "agents" ("Id", "Available", "Cap", "Initials", "Name", "OpenCount", "Tier")
      VALUES (@p0, @p1, @p2, @p3, @p4, @p5, @p6);
info: Microsoft.EntityFrameworkCore.Database.Command[20101]
      Executed DbCommand (0ms) [Parameters=[@p0='?' (Size = 12), @p1='?' (DbType = Boolean), @p2='?' (DbType = Int32), @p3='?' (Size = 2), @p4='?' (Size = 9), @p5='?' (DbType = Int32), @p6='?' (Size = 5)], CommandType='Text', CommandTimeout='30']
      INSERT INTO "agents" ("Id", "Available", "Cap", "Initials", "Name", "OpenCount", "Tier")
      VALUES (@p0, @p1, @p2, @p3, @p4, @p5, @p6);
info: Microsoft.EntityFrameworkCore.Database.Command[20101]
      Executed DbCommand (0ms) [Parameters=[@p0='?' (Size = 11), @p1='?' (DbType = Boolean), @p2='?' (DbType = Int32), @p3='?' (Size = 2), @p4='?' (Size = 8), @p5='?' (DbType = Int32), @p6='?' (Size = 5)], CommandType='Text', CommandTimeout='30']
      INSERT INTO "agents" ("Id", "Available", "Cap", "Initials", "Name", "OpenCount", "Tier")
      VALUES (@p0, @p1, @p2, @p3, @p4, @p5, @p6);
info: Microsoft.EntityFrameworkCore.Database.Command[20101]
      Executed DbCommand (0ms) [Parameters=[@p0='?' (Size = 9), @p1='?' (DbType = Boolean), @p2='?' (DbType = Int32), @p3='?' (Size = 2), @p4='?' (Size = 6), @p5='?' (DbType = Int32), @p6='?' (Size = 5)], CommandType='Text', CommandTimeout='30']
      INSERT INTO "agents" ("Id", "Available", "Cap", "Initials", "Name", "OpenCount", "Tier")
      VALUES (@p0, @p1, @p2, @p3, @p4, @p5, @p6);
info: Microsoft.EntityFrameworkCore.Database.Command[20101]
      Executed DbCommand (0ms) [Parameters=[@p0='?' (Size = 10), @p1='?' (DbType = Boolean), @p2='?' (DbType = Int32), @p3='?' (Size = 2), @p4='?' (Size = 7), @p5='?' (DbType = Int32), @p6='?' (Size = 5)], CommandType='Text', CommandTimeout='30']
      INSERT INTO "agents" ("Id", "Available", "Cap", "Initials", "Name", "OpenCount", "Tier")
      VALUES (@p0, @p1, @p2, @p3, @p4, @p5, @p6);
info: Microsoft.EntityFrameworkCore.Database.Command[20101]
      Executed DbCommand (0ms) [Parameters=[@p0='?' (Size = 12), @p1='?' (DbType = Boolean), @p2='?' (DbType = Int32), @p3='?' (Size = 2), @p4='?' (Size = 9), @p5='?' (DbType = Int32), @p6='?' (Size = 5)], CommandType='Text', CommandTimeout='30']
      INSERT INTO "agents" ("Id", "Available", "Cap", "Initials", "Name", "OpenCount", "Tier")
      VALUES (@p0, @p1, @p2, @p3, @p4, @p5, @p6);
info: Microsoft.EntityFrameworkCore.Database.Command[20101]
      Executed DbCommand (0ms) [Parameters=[@p0='?' (Size = 13), @p1='?' (DbType = Boolean), @p2='?' (DbType = Int32), @p3='?' (Size = 2), @p4='?' (Size = 10), @p5='?' (DbType = Int32), @p6='?' (Size = 5)], CommandType='Text', CommandTimeout='30']
      INSERT INTO "agents" ("Id", "Available", "Cap", "Initials", "Name", "OpenCount", "Tier")
      VALUES (@p0, @p1, @p2, @p3, @p4, @p5, @p6);
info: Microsoft.EntityFrameworkCore.Database.Command[20101]
      Executed DbCommand (1ms) [Parameters=[@p0='?' (Size = 9), @p1='?' (DbType = Int32), @p2='?', @p3='?' (Size = 10), @p4='?' (Size = 121), @p5='?' (Size = 6), @p6='?' (Size = 17), @p7='?' (DbType = DateTime), @p8='?' (Size = 2), @p9='?' (Size = 7), @p10='?' (DbType = DateTime), @p11='?' (DbType = Int64), @p12='?' (Size = 6), @p13='?' (Size = 4), @p14='?' (Size = 26), @p15='?' (Size = 7), @p16='?' (DbType = Int32), @p17='?' (DbType = DateTime)], CommandType='Text', CommandTimeout='30']
      INSERT INTO "tickets" ("Id", "AgeMinutes", "AssigneeId", "AssigneeKind", "BodyHtml", "Channel", "Customer", "OpenedAt", "Priority", "Queue", "ResolvedAt", "SlaDeadlineMs", "SlaSeverity", "Status", "Subject", "TagsJson", "TicketNumber", "UpdatedAt")
      VALUES (@p0, @p1, @p2, @p3, @p4, @p5, @p6, @p7, @p8, @p9, @p10, @p11, @p12, @p13, @p14, @p15, @p16, @p17);
info: Microsoft.EntityFrameworkCore.Database.Command[20101]
      Executed DbCommand (0ms) [Parameters=[@p0='?' (Size = 9), @p1='?' (DbType = Int32), @p2='?' (Size = 11), @p3='?' (Size = 5), @p4='?' (Size = 129), @p5='?' (Size = 4), @p6='?' (Size = 17), @p7='?' (DbType = DateTime), @p8='?' (Size = 2), @p9='?' (Size = 7), @p10='?' (DbType = DateTime), @p11='?' (DbType = Int64), @p12='?' (Size = 4), @p13='?' (Size = 4), @p14='?' (Size = 34), @p15='?' (Size = 2), @p16='?' (DbType = Int32), @p17='?' (DbType = DateTime)], CommandType='Text', CommandTimeout='30']
      INSERT INTO "tickets" ("Id", "AgeMinutes", "AssigneeId", "AssigneeKind", "BodyHtml", "Channel", "Customer", "OpenedAt", "Priority", "Queue", "ResolvedAt", "SlaDeadlineMs", "SlaSeverity", "Status", "Subject", "TagsJson", "TicketNumber", "UpdatedAt")
      VALUES (@p0, @p1, @p2, @p3, @p4, @p5, @p6, @p7, @p8, @p9, @p10, @p11, @p12, @p13, @p14, @p15, @p16, @p17);
info: Microsoft.EntityFrameworkCore.Database.Command[20101]
      Executed DbCommand (0ms) [Parameters=[@p0='?' (Size = 9), @p1='?' (DbType = Int32), @p2='?' (Size = 12), @p3='?' (Size = 5), @p4='?' (Size = 124), @p5='?' (Size = 5), @p6='?' (Size = 18), @p7='?' (DbType = DateTime), @p8='?' (Size = 2), @p9='?' (Size = 8), @p10='?' (DbType = DateTime), @p11='?' (DbType = Int64), @p12='?' (Size = 2), @p13='?' (Size = 4), @p14='?' (Size = 28), @p15='?' (Size = 2), @p16='?' (DbType = Int32), @p17='?' (DbType = DateTime)], CommandType='Text', CommandTimeout='30']
      INSERT INTO "tickets" ("Id", "AgeMinutes", "AssigneeId", "AssigneeKind", "BodyHtml", "Channel", "Customer", "OpenedAt", "Priority", "Queue", "ResolvedAt", "SlaDeadlineMs", "SlaSeverity", "Status", "Subject", "TagsJson", "TicketNumber", "UpdatedAt")
      VALUES (@p0, @p1, @p2, @p3, @p4, @p5, @p6, @p7, @p8, @p9, @p10, @p11, @p12, @p13, @p14, @p15, @p16, @p17);
info: Microsoft.EntityFrameworkCore.Database.Command[20101]
      Executed DbCommand (0ms) [Parameters=[@p0='?' (Size = 9), @p1='?' (DbType = Int32), @p2='?' (Size = 13), @p3='?' (Size = 5), @p4='?' (Size = 135), @p5='?' (Size = 5), @p6='?' (Size = 20), @p7='?' (DbType = DateTime), @p8='?' (Size = 2), @p9='?' (Size = 8), @p10='?' (DbType = DateTime), @p11='?' (DbType = Int64), @p12='?' (Size = 2), @p13='?' (Size = 6), @p14='?' (Size = 37), @p15='?' (Size = 2), @p16='?' (DbType = Int32), @p17='?' (DbType = DateTime)], CommandType='Text', CommandTimeout='30']
      INSERT INTO "tickets" ("Id", "AgeMinutes", "AssigneeId", "AssigneeKind", "BodyHtml", "Channel", "Customer", "OpenedAt", "Priority", "Queue", "ResolvedAt", "SlaDeadlineMs", "SlaSeverity", "Status", "Subject", "TagsJson", "TicketNumber", "UpdatedAt")
      VALUES (@p0, @p1, @p2, @p3, @p4, @p5, @p6, @p7, @p8, @p9, @p10, @p11, @p12, @p13, @p14, @p15, @p16, @p17);
info: Microsoft.EntityFrameworkCore.Database.Command[20101]
      Executed DbCommand (0ms) [Parameters=[@p0='?' (Size = 9), @p1='?' (DbType = Int32), @p2='?' (Size = 12), @p3='?' (Size = 5), @p4='?' (Size = 132), @p5='?' (Size = 6), @p6='?' (Size = 19), @p7='?' (DbType = DateTime), @p8='?' (Size = 2), @p9='?' (Size = 7), @p10='?' (DbType = DateTime), @p11='?' (DbType = Int64), @p12='?' (Size = 2), @p13='?' (Size = 4), @p14='?' (Size = 35), @p15='?' (Size = 7), @p16='?' (DbType = Int32), @p17='?' (DbType = DateTime)], CommandType='Text', CommandTimeout='30']
      INSERT INTO "tickets" ("Id", "AgeMinutes", "AssigneeId", "AssigneeKind", "BodyHtml", "Channel", "Customer", "OpenedAt", "Priority", "Queue", "ResolvedAt", "SlaDeadlineMs", "SlaSeverity", "Status", "Subject", "TagsJson", "TicketNumber", "UpdatedAt")
      VALUES (@p0, @p1, @p2, @p3, @p4, @p5, @p6, @p7, @p8, @p9, @p10, @p11, @p12, @p13, @p14, @p15, @p16, @p17);
info: Microsoft.EntityFrameworkCore.Database.Command[20101]
      Executed DbCommand (0ms) [Parameters=[@p0='?' (Size = 9), @p1='?' (DbType = Int32), @p2='?', @p3='?' (Size = 10), @p4='?' (Size = 131), @p5='?' (Size = 5), @p6='?' (Size = 19), @p7='?' (DbType = DateTime), @p8='?' (Size = 2), @p9='?' (Size = 7), @p10='?' (DbType = DateTime), @p11='?' (DbType = Int64), @p12='?' (Size = 2), @p13='?' (Size = 4), @p14='?' (Size = 34), @p15='?' (Size = 15), @p16='?' (DbType = Int32), @p17='?' (DbType = DateTime)], CommandType='Text', CommandTimeout='30']
      INSERT INTO "tickets" ("Id", "AgeMinutes", "AssigneeId", "AssigneeKind", "BodyHtml", "Channel", "Customer", "OpenedAt", "Priority", "Queue", "ResolvedAt", "SlaDeadlineMs", "SlaSeverity", "Status", "Subject", "TagsJson", "TicketNumber", "UpdatedAt")
      VALUES (@p0, @p1, @p2, @p3, @p4, @p5, @p6, @p7, @p8, @p9, @p10, @p11, @p12, @p13, @p14, @p15, @p16, @p17);
info: Microsoft.EntityFrameworkCore.Database.Command[20101]
      Executed DbCommand (0ms) [Parameters=[@p0='?' (Size = 9), @p1='?' (DbType = Int32), @p2='?' (Size = 11), @p3='?' (Size = 5), @p4='?' (Size = 129), @p5='?' (Size = 4), @p6='?' (Size = 18), @p7='?' (DbType = DateTime), @p8='?' (Size = 2), @p9='?' (Size = 8), @p10='?' (DbType = DateTime), @p11='?' (DbType = Int64), @p12='?' (Size = 2), @p13='?' (Size = 8), @p14='?' (Size = 33), @p15='?' (Size = 2), @p16='?' (DbType = Int32), @p17='?' (DbType = DateTime)], CommandType='Text', CommandTimeout='30']
      INSERT INTO "tickets" ("Id", "AgeMinutes", "AssigneeId", "AssigneeKind", "BodyHtml", "Channel", "Customer", "OpenedAt", "Priority", "Queue", "ResolvedAt", "SlaDeadlineMs", "SlaSeverity", "Status", "Subject", "TagsJson", "TicketNumber", "UpdatedAt")
      VALUES (@p0, @p1, @p2, @p3, @p4, @p5, @p6, @p7, @p8, @p9, @p10, @p11, @p12, @p13, @p14, @p15, @p16, @p17);
info: Microsoft.EntityFrameworkCore.Database.Command[20101]
      Executed DbCommand (0ms) [Parameters=[@p0='?' (Size = 9), @p1='?' (DbType = Int32), @p2='?' (Size = 11), @p3='?' (Size = 5), @p4='?' (Size = 133), @p5='?' (Size = 4), @p6='?' (Size = 18), @p7='?' (DbType = DateTime), @p8='?' (Size = 2), @p9='?' (Size = 7), @p10='?' (DbType = DateTime), @p11='?' (DbType = Int64), @p12='?' (Size = 2), @p13='?' (Size = 6), @p14='?' (Size = 37), @p15='?' (Size = 2), @p16='?' (DbType = Int32), @p17='?' (DbType = DateTime)], CommandType='Text', CommandTimeout='30']
      INSERT INTO "tickets" ("Id", "AgeMinutes", "AssigneeId", "AssigneeKind", "BodyHtml", "Channel", "Customer", "OpenedAt", "Priority", "Queue", "ResolvedAt", "SlaDeadlineMs", "SlaSeverity", "Status", "Subject", "TagsJson", "TicketNumber", "UpdatedAt")
      VALUES (@p0, @p1, @p2, @p3, @p4, @p5, @p6, @p7, @p8, @p9, @p10, @p11, @p12, @p13, @p14, @p15, @p16, @p17);
info: Microsoft.EntityFrameworkCore.Database.Command[20101]
      Executed DbCommand (0ms) [Parameters=[@p0='?' (Size = 9), @p1='?' (DbType = Int32), @p2='?' (Size = 12), @p3='?' (Size = 5), @p4='?' (Size = 137), @p5='?' (Size = 5), @p6='?' (Size = 16), @p7='?' (DbType = DateTime), @p8='?' (Size = 2), @p9='?' (Size = 8), @p10='?' (DbType = DateTime), @p11='?' (DbType = Int64), @p12='?' (Size = 2), @p13='?' (Size = 4), @p14='?' (Size = 43), @p15='?' (Size = 7), @p16='?' (DbType = Int32), @p17='?' (DbType = DateTime)], CommandType='Text', CommandTimeout='30']
      INSERT INTO "tickets" ("Id", "AgeMinutes", "AssigneeId", "AssigneeKind", "BodyHtml", "Channel", "Customer", "OpenedAt", "Priority", "Queue", "ResolvedAt", "SlaDeadlineMs", "SlaSeverity", "Status", "Subject", "TagsJson", "TicketNumber", "UpdatedAt")
      VALUES (@p0, @p1, @p2, @p3, @p4, @p5, @p6, @p7, @p8, @p9, @p10, @p11, @p12, @p13, @p14, @p15, @p16, @p17);
info: Microsoft.EntityFrameworkCore.Database.Command[20101]
      Executed DbCommand (0ms) [Parameters=[@p0='?' (Size = 9), @p1='?' (DbType = Int32), @p2='?' (Size = 12), @p3='?' (Size = 5), @p4='?' (Size = 124), @p5='?' (Size = 6), @p6='?' (Size = 19), @p7='?' (DbType = DateTime), @p8='?' (Size = 2), @p9='?' (Size = 7), @p10='?' (DbType = DateTime), @p11='?' (DbType = Int64), @p12='?' (Size = 6), @p13='?' (Size = 4), @p14='?' (Size = 27), @p15='?' (Size = 2), @p16='?' (DbType = Int32), @p17='?' (DbType = DateTime)], CommandType='Text', CommandTimeout='30']
      INSERT INTO "tickets" ("Id", "AgeMinutes", "AssigneeId", "AssigneeKind", "BodyHtml", "Channel", "Customer", "OpenedAt", "Priority", "Queue", "ResolvedAt", "SlaDeadlineMs", "SlaSeverity", "Status", "Subject", "TagsJson", "TicketNumber", "UpdatedAt")
      VALUES (@p0, @p1, @p2, @p3, @p4, @p5, @p6, @p7, @p8, @p9, @p10, @p11, @p12, @p13, @p14, @p15, @p16, @p17);
info: Microsoft.EntityFrameworkCore.Database.Command[20101]
      Executed DbCommand (0ms) [Parameters=[@p0='?' (Size = 9), @p1='?' (DbType = Int32), @p2='?', @p3='?' (Size = 10), @p4='?' (Size = 140), @p5='?' (Size = 5), @p6='?' (Size = 19), @p7='?' (DbType = DateTime), @p8='?' (Size = 2), @p9='?' (Size = 8), @p10='?' (DbType = DateTime), @p11='?' (DbType = Int64), @p12='?' (Size = 6), @p13='?' (Size = 7), @p14='?' (Size = 43), @p15='?' (Size = 15), @p16='?' (DbType = Int32), @p17='?' (DbType = DateTime)], CommandType='Text', CommandTimeout='30']
      INSERT INTO "tickets" ("Id", "AgeMinutes", "AssigneeId", "AssigneeKind", "BodyHtml", "Channel", "Customer", "OpenedAt", "Priority", "Queue", "ResolvedAt", "SlaDeadlineMs", "SlaSeverity", "Status", "Subject", "TagsJson", "TicketNumber", "UpdatedAt")
      VALUES (@p0, @p1, @p2, @p3, @p4, @p5, @p6, @p7, @p8, @p9, @p10, @p11, @p12, @p13, @p14, @p15, @p16, @p17);
info: Microsoft.EntityFrameworkCore.Database.Command[20101]
      Executed DbCommand (0ms) [Parameters=[@p0='?' (Size = 9), @p1='?' (DbType = Int32), @p2='?' (Size = 12), @p3='?' (Size = 5), @p4='?' (Size = 134), @p5='?' (Size = 6), @p6='?' (Size = 21), @p7='?' (DbType = DateTime), @p8='?' (Size = 2), @p9='?' (Size = 7), @p10='?' (DbType = DateTime), @p11='?' (DbType = Int64), @p12='?' (Size = 2), @p13='?' (Size = 6), @p14='?' (Size = 35), @p15='?' (Size = 2), @p16='?' (DbType = Int32), @p17='?' (DbType = DateTime)], CommandType='Text', CommandTimeout='30']
      INSERT INTO "tickets" ("Id", "AgeMinutes", "AssigneeId", "AssigneeKind", "BodyHtml", "Channel", "Customer", "OpenedAt", "Priority", "Queue", "ResolvedAt", "SlaDeadlineMs", "SlaSeverity", "Status", "Subject", "TagsJson", "TicketNumber", "UpdatedAt")
      VALUES (@p0, @p1, @p2, @p3, @p4, @p5, @p6, @p7, @p8, @p9, @p10, @p11, @p12, @p13, @p14, @p15, @p16, @p17);
info: Microsoft.EntityFrameworkCore.Database.Command[20101]
      Executed DbCommand (0ms) [Parameters=[@p0='?' (Size = 9), @p1='?' (DbType = Int32), @p2='?' (Size = 12), @p3='?' (Size = 5), @p4='?' (Size = 116), @p5='?' (Size = 5), @p6='?' (Size = 12), @p7='?' (DbType = DateTime), @p8='?' (Size = 2), @p9='?' (Size = 7), @p10='?' (DbType = DateTime), @p11='?' (DbType = Int64), @p12='?' (Size = 2), @p13='?' (Size = 6), @p14='?' (Size = 26), @p15='?' (Size = 7), @p16='?' (DbType = Int32), @p17='?' (DbType = DateTime)], CommandType='Text', CommandTimeout='30']
      INSERT INTO "tickets" ("Id", "AgeMinutes", "AssigneeId", "AssigneeKind", "BodyHtml", "Channel", "Customer", "OpenedAt", "Priority", "Queue", "ResolvedAt", "SlaDeadlineMs", "SlaSeverity", "Status", "Subject", "TagsJson", "TicketNumber", "UpdatedAt")
      VALUES (@p0, @p1, @p2, @p3, @p4, @p5, @p6, @p7, @p8, @p9, @p10, @p11, @p12, @p13, @p14, @p15, @p16, @p17);
info: Microsoft.EntityFrameworkCore.Database.Command[20101]
      Executed DbCommand (0ms) [Parameters=[@p0='?' (Size = 9), @p1='?' (DbType = Int32), @p2='?' (Size = 12), @p3='?' (Size = 5), @p4='?' (Size = 131), @p5='?' (Size = 5), @p6='?' (Size = 18), @p7='?' (DbType = DateTime), @p8='?' (Size = 2), @p9='?' (Size = 7), @p10='?' (DbType = DateTime), @p11='?' (DbType = Int64), @p12='?' (Size = 2), @p13='?' (Size = 8), @p14='?' (Size = 35), @p15='?' (Size = 2), @p16='?' (DbType = Int32), @p17='?' (DbType = DateTime)], CommandType='Text', CommandTimeout='30']
      INSERT INTO "tickets" ("Id", "AgeMinutes", "AssigneeId", "AssigneeKind", "BodyHtml", "Channel", "Customer", "OpenedAt", "Priority", "Queue", "ResolvedAt", "SlaDeadlineMs", "SlaSeverity", "Status", "Subject", "TagsJson", "TicketNumber", "UpdatedAt")
      VALUES (@p0, @p1, @p2, @p3, @p4, @p5, @p6, @p7, @p8, @p9, @p10, @p11, @p12, @p13, @p14, @p15, @p16, @p17);
info: Microsoft.EntityFrameworkCore.Database.Command[20101]
      Executed DbCommand (0ms) [Parameters=[@p0='?' (Size = 9), @p1='?' (DbType = Int32), @p2='?' (Size = 12), @p3='?' (Size = 5), @p4='?' (Size = 140), @p5='?' (Size = 5), @p6='?' (Size = 20), @p7='?' (DbType = DateTime), @p8='?' (Size = 2), @p9='?' (Size = 8), @p10='?' (DbType = DateTime), @p11='?' (DbType = Int64), @p12='?' (Size = 6), @p13='?' (Size = 4), @p14='?' (Size = 42), @p15='?' (Size = 2), @p16='?' (DbType = Int32), @p17='?' (DbType = DateTime)], CommandType='Text', CommandTimeout='30']
      INSERT INTO "tickets" ("Id", "AgeMinutes", "AssigneeId", "AssigneeKind", "BodyHtml", "Channel", "Customer", "OpenedAt", "Priority", "Queue", "ResolvedAt", "SlaDeadlineMs", "SlaSeverity", "Status", "Subject", "TagsJson", "TicketNumber", "UpdatedAt")
      VALUES (@p0, @p1, @p2, @p3, @p4, @p5, @p6, @p7, @p8, @p9, @p10, @p11, @p12, @p13, @p14, @p15, @p16, @p17);
info: Microsoft.EntityFrameworkCore.Database.Command[20101]
      Executed DbCommand (0ms) [Parameters=[@p0='?' (Size = 9), @p1='?' (DbType = Int32), @p2='?', @p3='?' (Size = 10), @p4='?' (Size = 125), @p5='?' (Size = 5), @p6='?' (Size = 20), @p7='?' (DbType = DateTime), @p8='?' (Size = 2), @p9='?' (Size = 7), @p10='?' (DbType = DateTime), @p11='?' (DbType = Int64), @p12='?' (Size = 2), @p13='?' (Size = 8), @p14='?' (Size = 27), @p15='?' (Size = 15), @p16='?' (DbType = Int32), @p17='?' (DbType = DateTime)], CommandType='Text', CommandTimeout='30']
      INSERT INTO "tickets" ("Id", "AgeMinutes", "AssigneeId", "AssigneeKind", "BodyHtml", "Channel", "Customer", "OpenedAt", "Priority", "Queue", "ResolvedAt", "SlaDeadlineMs", "SlaSeverity", "Status", "Subject", "TagsJson", "TicketNumber", "UpdatedAt")
      VALUES (@p0, @p1, @p2, @p3, @p4, @p5, @p6, @p7, @p8, @p9, @p10, @p11, @p12, @p13, @p14, @p15, @p16, @p17);
info: Microsoft.EntityFrameworkCore.Database.Command[20101]
      Executed DbCommand (0ms) [Parameters=[@p0='?' (Size = 9), @p1='?' (DbType = Int32), @p2='?' (Size = 12), @p3='?' (Size = 5), @p4='?' (Size = 137), @p5='?' (Size = 4), @p6='?' (Size = 17), @p7='?' (DbType = DateTime), @p8='?' (Size = 2), @p9='?' (Size = 7), @p10='?' (DbType = DateTime), @p11='?' (DbType = Int64), @p12='?' (Size = 2), @p13='?' (Size = 8), @p14='?' (Size = 42), @p15='?' (Size = 7), @p16='?' (DbType = Int32), @p17='?' (DbType = DateTime)], CommandType='Text', CommandTimeout='30']
      INSERT INTO "tickets" ("Id", "AgeMinutes", "AssigneeId", "AssigneeKind", "BodyHtml", "Channel", "Customer", "OpenedAt", "Priority", "Queue", "ResolvedAt", "SlaDeadlineMs", "SlaSeverity", "Status", "Subject", "TagsJson", "TicketNumber", "UpdatedAt")
      VALUES (@p0, @p1, @p2, @p3, @p4, @p5, @p6, @p7, @p8, @p9, @p10, @p11, @p12, @p13, @p14, @p15, @p16, @p17);
info: Microsoft.EntityFrameworkCore.Database.Command[20101]
      Executed DbCommand (0ms) [Parameters=[@p0='?' (Size = 9), @p1='?' (DbType = Int32), @p2='?' (Size = 12), @p3='?' (Size = 5), @p4='?' (Size = 125), @p5='?' (Size = 5), @p6='?' (Size = 19), @p7='?' (DbType = DateTime), @p8='?' (Size = 2), @p9='?' (Size = 7), @p10='?' (DbType = DateTime), @p11='?' (DbType = Int64), @p12='?' (Size = 6), @p13='?' (Size = 4), @p14='?' (Size = 28), @p15='?' (Size = 2), @p16='?' (DbType = Int32), @p17='?' (DbType = DateTime)], CommandType='Text', CommandTimeout='30']
      INSERT INTO "tickets" ("Id", "AgeMinutes", "AssigneeId", "AssigneeKind", "BodyHtml", "Channel", "Customer", "OpenedAt", "Priority", "Queue", "ResolvedAt", "SlaDeadlineMs", "SlaSeverity", "Status", "Subject", "TagsJson", "TicketNumber", "UpdatedAt")
      VALUES (@p0, @p1, @p2, @p3, @p4, @p5, @p6, @p7, @p8, @p9, @p10, @p11, @p12, @p13, @p14, @p15, @p16, @p17);
info: Microsoft.EntityFrameworkCore.Database.Command[20101]
      Executed DbCommand (0ms) [Parameters=[@p0='?' (Size = 9), @p1='?' (DbType = Int32), @p2='?' (Size = 12), @p3='?' (Size = 5), @p4='?' (Size = 133), @p5='?' (Size = 5), @p6='?' (Size = 20), @p7='?' (DbType = DateTime), @p8='?' (Size = 2), @p9='?' (Size = 7), @p10='?' (DbType = DateTime), @p11='?' (DbType = Int64), @p12='?' (Size = 2), @p13='?' (Size = 4), @p14='?' (Size = 35), @p15='?' (Size = 2), @p16='?' (DbType = Int32), @p17='?' (DbType = DateTime)], CommandType='Text', CommandTimeout='30']
      INSERT INTO "tickets" ("Id", "AgeMinutes", "AssigneeId", "AssigneeKind", "BodyHtml", "Channel", "Customer", "OpenedAt", "Priority", "Queue", "ResolvedAt", "SlaDeadlineMs", "SlaSeverity", "Status", "Subject", "TagsJson", "TicketNumber", "UpdatedAt")
      VALUES (@p0, @p1, @p2, @p3, @p4, @p5, @p6, @p7, @p8, @p9, @p10, @p11, @p12, @p13, @p14, @p15, @p16, @p17);
info: Microsoft.EntityFrameworkCore.Database.Command[20101]
      Executed DbCommand (0ms) [Parameters=[@p0='?' (Size = 9), @p1='?' (DbType = Int32), @p2='?' (Size = 11), @p3='?' (Size = 5), @p4='?' (Size = 125), @p5='?' (Size = 6), @p6='?' (Size = 21), @p7='?' (DbType = DateTime), @p8='?' (Size = 2), @p9='?' (Size = 7), @p10='?' (DbType = DateTime), @p11='?' (DbType = Int64), @p12='?' (Size = 2), @p13='?' (Size = 6), @p14='?' (Size = 26), @p15='?' (Size = 2), @p16='?' (DbType = Int32), @p17='?' (DbType = DateTime)], CommandType='Text', CommandTimeout='30']
      INSERT INTO "tickets" ("Id", "AgeMinutes", "AssigneeId", "AssigneeKind", "BodyHtml", "Channel", "Customer", "OpenedAt", "Priority", "Queue", "ResolvedAt", "SlaDeadlineMs", "SlaSeverity", "Status", "Subject", "TagsJson", "TicketNumber", "UpdatedAt")
      VALUES (@p0, @p1, @p2, @p3, @p4, @p5, @p6, @p7, @p8, @p9, @p10, @p11, @p12, @p13, @p14, @p15, @p16, @p17);
info: Microsoft.EntityFrameworkCore.Database.Command[20101]
      Executed DbCommand (0ms) [Parameters=[@p0='?' (Size = 9), @p1='?' (DbType = Int32), @p2='?', @p3='?' (Size = 10), @p4='?' (Size = 129), @p5='?' (Size = 6), @p6='?' (Size = 17), @p7='?' (DbType = DateTime), @p8='?' (Size = 2), @p9='?' (Size = 8), @p10='?' (DbType = DateTime), @p11='?' (DbType = Int64), @p12='?' (Size = 2), @p13='?' (Size = 8), @p14='?' (Size = 34), @p15='?' (Size = 7), @p16='?' (DbType = Int32), @p17='?' (DbType = DateTime)], CommandType='Text', CommandTimeout='30']
      INSERT INTO "tickets" ("Id", "AgeMinutes", "AssigneeId", "AssigneeKind", "BodyHtml", "Channel", "Customer", "OpenedAt", "Priority", "Queue", "ResolvedAt", "SlaDeadlineMs", "SlaSeverity", "Status", "Subject", "TagsJson", "TicketNumber", "UpdatedAt")
      VALUES (@p0, @p1, @p2, @p3, @p4, @p5, @p6, @p7, @p8, @p9, @p10, @p11, @p12, @p13, @p14, @p15, @p16, @p17);
info: Microsoft.EntityFrameworkCore.Database.Command[20101]
      Executed DbCommand (0ms) [Parameters=[@p0='?' (Size = 9), @p1='?' (DbType = Int32), @p2='?' (Size = 10), @p3='?' (Size = 5), @p4='?' (Size = 128), @p5='?' (Size = 4), @p6='?' (Size = 17), @p7='?' (DbType = DateTime), @p8='?' (Size = 2), @p9='?' (Size = 7), @p10='?' (DbType = DateTime), @p11='?' (DbType = Int64), @p12='?' (Size = 2), @p13='?' (Size = 6), @p14='?' (Size = 33), @p15='?' (Size = 2), @p16='?' (DbType = Int32), @p17='?' (DbType = DateTime)], CommandType='Text', CommandTimeout='30']
      INSERT INTO "tickets" ("Id", "AgeMinutes", "AssigneeId", "AssigneeKind", "BodyHtml", "Channel", "Customer", "OpenedAt", "Priority", "Queue", "ResolvedAt", "SlaDeadlineMs", "SlaSeverity", "Status", "Subject", "TagsJson", "TicketNumber", "UpdatedAt")
      VALUES (@p0, @p1, @p2, @p3, @p4, @p5, @p6, @p7, @p8, @p9, @p10, @p11, @p12, @p13, @p14, @p15, @p16, @p17);
info: Microsoft.EntityFrameworkCore.Database.Command[20101]
      Executed DbCommand (0ms) [Parameters=[@p0='?' (Size = 9), @p1='?' (DbType = Int32), @p2='?' (Size = 12), @p3='?' (Size = 5), @p4='?' (Size = 129), @p5='?' (Size = 5), @p6='?' (Size = 16), @p7='?' (DbType = DateTime), @p8='?' (Size = 2), @p9='?' (Size = 7), @p10='?' (DbType = DateTime), @p11='?' (DbType = Int64), @p12='?' (Size = 2), @p13='?' (Size = 4), @p14='?' (Size = 35), @p15='?' (Size = 2), @p16='?' (DbType = Int32), @p17='?' (DbType = DateTime)], CommandType='Text', CommandTimeout='30']
      INSERT INTO "tickets" ("Id", "AgeMinutes", "AssigneeId", "AssigneeKind", "BodyHtml", "Channel", "Customer", "OpenedAt", "Priority", "Queue", "ResolvedAt", "SlaDeadlineMs", "SlaSeverity", "Status", "Subject", "TagsJson", "TicketNumber", "UpdatedAt")
      VALUES (@p0, @p1, @p2, @p3, @p4, @p5, @p6, @p7, @p8, @p9, @p10, @p11, @p12, @p13, @p14, @p15, @p16, @p17);
info: Microsoft.EntityFrameworkCore.Database.Command[20101]
      Executed DbCommand (0ms) [Parameters=[@p0='?' (Size = 9), @p1='?' (DbType = Int32), @p2='?' (Size = 12), @p3='?' (Size = 5), @p4='?' (Size = 131), @p5='?' (Size = 6), @p6='?' (Size = 20), @p7='?' (DbType = DateTime), @p8='?' (Size = 2), @p9='?' (Size = 8), @p10='?' (DbType = DateTime), @p11='?' (DbType = Int64), @p12='?' (Size = 2), @p13='?' (Size = 4), @p14='?' (Size = 33), @p15='?' (Size = 2), @p16='?' (DbType = Int32), @p17='?' (DbType = DateTime)], CommandType='Text', CommandTimeout='30']
      INSERT INTO "tickets" ("Id", "AgeMinutes", "AssigneeId", "AssigneeKind", "BodyHtml", "Channel", "Customer", "OpenedAt", "Priority", "Queue", "ResolvedAt", "SlaDeadlineMs", "SlaSeverity", "Status", "Subject", "TagsJson", "TicketNumber", "UpdatedAt")
      VALUES (@p0, @p1, @p2, @p3, @p4, @p5, @p6, @p7, @p8, @p9, @p10, @p11, @p12, @p13, @p14, @p15, @p16, @p17);
info: Microsoft.EntityFrameworkCore.Database.Command[20101]
      Executed DbCommand (0ms) [Parameters=[@p0='?' (Size = 9), @p1='?' (DbType = Int32), @p2='?' (Size = 11), @p3='?' (Size = 5), @p4='?' (Size = 125), @p5='?' (Size = 4), @p6='?' (Size = 21), @p7='?' (DbType = DateTime), @p8='?' (Size = 2), @p9='?' (Size = 8), @p10='?' (DbType = DateTime), @p11='?' (DbType = Int64), @p12='?' (Size = 2), @p13='?' (Size = 6), @p14='?' (Size = 26), @p15='?' (Size = 7), @p16='?' (DbType = Int32), @p17='?' (DbType = DateTime)], CommandType='Text', CommandTimeout='30']
      INSERT INTO "tickets" ("Id", "AgeMinutes", "AssigneeId", "AssigneeKind", "BodyHtml", "Channel", "Customer", "OpenedAt", "Priority", "Queue", "ResolvedAt", "SlaDeadlineMs", "SlaSeverity", "Status", "Subject", "TagsJson", "TicketNumber", "UpdatedAt")
      VALUES (@p0, @p1, @p2, @p3, @p4, @p5, @p6, @p7, @p8, @p9, @p10, @p11, @p12, @p13, @p14, @p15, @p16, @p17);
info: Microsoft.EntityFrameworkCore.Database.Command[20101]
      Executed DbCommand (0ms) [Parameters=[@p0='?' (Size = 9), @p1='?' (DbType = Int32), @p2='?', @p3='?' (Size = 10), @p4='?' (Size = 131), @p5='?' (Size = 5), @p6='?' (Size = 19), @p7='?' (DbType = DateTime), @p8='?' (Size = 2), @p9='?' (Size = 7), @p10='?' (DbType = DateTime), @p11='?' (DbType = Int64), @p12='?' (Size = 2), @p13='?' (Size = 4), @p14='?' (Size = 34), @p15='?' (Size = 15), @p16='?' (DbType = Int32), @p17='?' (DbType = DateTime)], CommandType='Text', CommandTimeout='30']
      INSERT INTO "tickets" ("Id", "AgeMinutes", "AssigneeId", "AssigneeKind", "BodyHtml", "Channel", "Customer", "OpenedAt", "Priority", "Queue", "ResolvedAt", "SlaDeadlineMs", "SlaSeverity", "Status", "Subject", "TagsJson", "TicketNumber", "UpdatedAt")
      VALUES (@p0, @p1, @p2, @p3, @p4, @p5, @p6, @p7, @p8, @p9, @p10, @p11, @p12, @p13, @p14, @p15, @p16, @p17);
info: Microsoft.EntityFrameworkCore.Database.Command[20101]
      Executed DbCommand (0ms) [Parameters=[@p0='?' (Size = 9), @p1='?' (DbType = Int32), @p2='?' (Size = 10), @p3='?' (Size = 5), @p4='?' (Size = 125), @p5='?' (Size = 6), @p6='?' (Size = 12), @p7='?' (DbType = DateTime), @p8='?' (Size = 2), @p9='?' (Size = 7), @p10='?' (DbType = DateTime), @p11='?' (DbType = Int64), @p12='?' (Size = 2), @p13='?' (Size = 4), @p14='?' (Size = 35), @p15='?' (Size = 2), @p16='?' (DbType = Int32), @p17='?' (DbType = DateTime)], CommandType='Text', CommandTimeout='30']
      INSERT INTO "tickets" ("Id", "AgeMinutes", "AssigneeId", "AssigneeKind", "BodyHtml", "Channel", "Customer", "OpenedAt", "Priority", "Queue", "ResolvedAt", "SlaDeadlineMs", "SlaSeverity", "Status", "Subject", "TagsJson", "TicketNumber", "UpdatedAt")
      VALUES (@p0, @p1, @p2, @p3, @p4, @p5, @p6, @p7, @p8, @p9, @p10, @p11, @p12, @p13, @p14, @p15, @p16, @p17);
info: Microsoft.EntityFrameworkCore.Database.Command[20101]
      Executed DbCommand (0ms) [Parameters=[@p0='?' (Size = 9), @p1='?' (DbType = Int32), @p2='?' (Size = 11), @p3='?' (Size = 5), @p4='?' (Size = 123), @p5='?' (Size = 5), @p6='?' (Size = 18), @p7='?' (DbType = DateTime), @p8='?' (Size = 2), @p9='?' (Size = 7), @p10='?' (DbType = DateTime), @p11='?' (DbType = Int64), @p12='?' (Size = 2), @p13='?' (Size = 8), @p14='?' (Size = 27), @p15='?' (Size = 2), @p16='?' (DbType = Int32), @p17='?' (DbType = DateTime)], CommandType='Text', CommandTimeout='30']
      INSERT INTO "tickets" ("Id", "AgeMinutes", "AssigneeId", "AssigneeKind", "BodyHtml", "Channel", "Customer", "OpenedAt", "Priority", "Queue", "ResolvedAt", "SlaDeadlineMs", "SlaSeverity", "Status", "Subject", "TagsJson", "TicketNumber", "UpdatedAt")
      VALUES (@p0, @p1, @p2, @p3, @p4, @p5, @p6, @p7, @p8, @p9, @p10, @p11, @p12, @p13, @p14, @p15, @p16, @p17);
info: Microsoft.EntityFrameworkCore.Database.Command[20101]
      Executed DbCommand (0ms) [Parameters=[@p0='?' (Size = 9), @p1='?' (DbType = Int32), @p2='?' (Size = 12), @p3='?' (Size = 5), @p4='?' (Size = 131), @p5='?' (Size = 6), @p6='?' (Size = 18), @p7='?' (DbType = DateTime), @p8='?' (Size = 2), @p9='?' (Size = 7), @p10='?' (DbType = DateTime), @p11='?' (DbType = Int64), @p12='?' (Size = 2), @p13='?' (Size = 4), @p14='?' (Size = 35), @p15='?' (Size = 7), @p16='?' (DbType = Int32), @p17='?' (DbType = DateTime)], CommandType='Text', CommandTimeout='30']
      INSERT INTO "tickets" ("Id", "AgeMinutes", "AssigneeId", "AssigneeKind", "BodyHtml", "Channel", "Customer", "OpenedAt", "Priority", "Queue", "ResolvedAt", "SlaDeadlineMs", "SlaSeverity", "Status", "Subject", "TagsJson", "TicketNumber", "UpdatedAt")
      VALUES (@p0, @p1, @p2, @p3, @p4, @p5, @p6, @p7, @p8, @p9, @p10, @p11, @p12, @p13, @p14, @p15, @p16, @p17);
info: Microsoft.EntityFrameworkCore.Database.Command[20101]
      Executed DbCommand (0ms) [Parameters=[@p0='?' (Size = 9), @p1='?' (DbType = Int32), @p2='?' (Size = 12), @p3='?' (Size = 5), @p4='?' (Size = 129), @p5='?' (Size = 6), @p6='?' (Size = 18), @p7='?' (DbType = DateTime), @p8='?' (Size = 2), @p9='?' (Size = 8), @p10='?' (DbType = DateTime), @p11='?' (DbType = Int64), @p12='?' (Size = 2), @p13='?' (Size = 6), @p14='?' (Size = 33), @p15='?' (Size = 2), @p16='?' (DbType = Int32), @p17='?' (DbType = DateTime)], CommandType='Text', CommandTimeout='30']
      INSERT INTO "tickets" ("Id", "AgeMinutes", "AssigneeId", "AssigneeKind", "BodyHtml", "Channel", "Customer", "OpenedAt", "Priority", "Queue", "ResolvedAt", "SlaDeadlineMs", "SlaSeverity", "Status", "Subject", "TagsJson", "TicketNumber", "UpdatedAt")
      VALUES (@p0, @p1, @p2, @p3, @p4, @p5, @p6, @p7, @p8, @p9, @p10, @p11, @p12, @p13, @p14, @p15, @p16, @p17);
info: Microsoft.EntityFrameworkCore.Database.Command[20101]
      Executed DbCommand (0ms) [Parameters=[@p0='?' (Size = 9), @p1='?' (DbType = Int32), @p2='?', @p3='?' (Size = 10), @p4='?' (Size = 132), @p5='?' (Size = 5), @p6='?' (Size = 19), @p7='?' (DbType = DateTime), @p8='?' (Size = 2), @p9='?' (Size = 8), @p10='?' (DbType = DateTime), @p11='?' (DbType = Int64), @p12='?' (Size = 4), @p13='?' (Size = 7), @p14='?' (Size = 35), @p15='?' (Size = 15), @p16='?' (DbType = Int32), @p17='?' (DbType = DateTime)], CommandType='Text', CommandTimeout='30']
      INSERT INTO "tickets" ("Id", "AgeMinutes", "AssigneeId", "AssigneeKind", "BodyHtml", "Channel", "Customer", "OpenedAt", "Priority", "Queue", "ResolvedAt", "SlaDeadlineMs", "SlaSeverity", "Status", "Subject", "TagsJson", "TicketNumber", "UpdatedAt")
      VALUES (@p0, @p1, @p2, @p3, @p4, @p5, @p6, @p7, @p8, @p9, @p10, @p11, @p12, @p13, @p14, @p15, @p16, @p17);
info: Microsoft.EntityFrameworkCore.Database.Command[20101]
      Executed DbCommand (0ms) [Parameters=[@p0='?' (Size = 9), @p1='?' (DbType = Int32), @p2='?' (Size = 13), @p3='?' (Size = 5), @p4='?' (Size = 132), @p5='?' (Size = 5), @p6='?' (Size = 19), @p7='?' (DbType = DateTime), @p8='?' (Size = 2), @p9='?' (Size = 7), @p10='?' (DbType = DateTime), @p11='?' (DbType = Int64), @p12='?' (Size = 2), @p13='?' (Size = 8), @p14='?' (Size = 35), @p15='?' (Size = 2), @p16='?' (DbType = Int32), @p17='?' (DbType = DateTime)], CommandType='Text', CommandTimeout='30']
      INSERT INTO "tickets" ("Id", "AgeMinutes", "AssigneeId", "AssigneeKind", "BodyHtml", "Channel", "Customer", "OpenedAt", "Priority", "Queue", "ResolvedAt", "SlaDeadlineMs", "SlaSeverity", "Status", "Subject", "TagsJson", "TicketNumber", "UpdatedAt")
      VALUES (@p0, @p1, @p2, @p3, @p4, @p5, @p6, @p7, @p8, @p9, @p10, @p11, @p12, @p13, @p14, @p15, @p16, @p17);
info: Microsoft.EntityFrameworkCore.Database.Command[20101]
      Executed DbCommand (0ms) [Parameters=[@p0='?' (Size = 9), @p1='?' (DbType = Int32), @p2='?' (Size = 10), @p3='?' (Size = 5), @p4='?' (Size = 130), @p5='?' (Size = 6), @p6='?' (Size = 17), @p7='?' (DbType = DateTime), @p8='?' (Size = 2), @p9='?' (Size = 7), @p10='?' (DbType = DateTime), @p11='?' (DbType = Int64), @p12='?' (Size = 2), @p13='?' (Size = 4), @p14='?' (Size = 35), @p15='?' (Size = 7), @p16='?' (DbType = Int32), @p17='?' (DbType = DateTime)], CommandType='Text', CommandTimeout='30']
      INSERT INTO "tickets" ("Id", "AgeMinutes", "AssigneeId", "AssigneeKind", "BodyHtml", "Channel", "Customer", "OpenedAt", "Priority", "Queue", "ResolvedAt", "SlaDeadlineMs", "SlaSeverity", "Status", "Subject", "TagsJson", "TicketNumber", "UpdatedAt")
      VALUES (@p0, @p1, @p2, @p3, @p4, @p5, @p6, @p7, @p8, @p9, @p10, @p11, @p12, @p13, @p14, @p15, @p16, @p17);
info: Microsoft.EntityFrameworkCore.Database.Command[20101]
      Executed DbCommand (0ms) [Parameters=[@p0='?' (Size = 9), @p1='?' (DbType = Int32), @p2='?' (Size = 12), @p3='?' (Size = 5), @p4='?' (Size = 134), @p5='?' (Size = 6), @p6='?' (Size = 19), @p7='?' (DbType = DateTime), @p8='?' (Size = 2), @p9='?' (Size = 7), @p10='?' (DbType = DateTime), @p11='?' (DbType = Int64), @p12='?' (Size = 6), @p13='?' (Size = 4), @p14='?' (Size = 37), @p15='?' (Size = 2), @p16='?' (DbType = Int32), @p17='?' (DbType = DateTime)], CommandType='Text', CommandTimeout='30']
      INSERT INTO "tickets" ("Id", "AgeMinutes", "AssigneeId", "AssigneeKind", "BodyHtml", "Channel", "Customer", "OpenedAt", "Priority", "Queue", "ResolvedAt", "SlaDeadlineMs", "SlaSeverity", "Status", "Subject", "TagsJson", "TicketNumber", "UpdatedAt")
      VALUES (@p0, @p1, @p2, @p3, @p4, @p5, @p6, @p7, @p8, @p9, @p10, @p11, @p12, @p13, @p14, @p15, @p16, @p17);
info: Microsoft.EntityFrameworkCore.Database.Command[20101]
      Executed DbCommand (0ms) [Parameters=[@p0='?' (Size = 9), @p1='?' (DbType = Int32), @p2='?' (Size = 12), @p3='?' (Size = 5), @p4='?' (Size = 132), @p5='?' (Size = 4), @p6='?' (Size = 20), @p7='?' (DbType = DateTime), @p8='?' (Size = 2), @p9='?' (Size = 8), @p10='?' (DbType = DateTime), @p11='?' (DbType = Int64), @p12='?' (Size = 2), @p13='?' (Size = 8), @p14='?' (Size = 34), @p15='?' (Size = 2), @p16='?' (DbType = Int32), @p17='?' (DbType = DateTime)], CommandType='Text', CommandTimeout='30']
      INSERT INTO "tickets" ("Id", "AgeMinutes", "AssigneeId", "AssigneeKind", "BodyHtml", "Channel", "Customer", "OpenedAt", "Priority", "Queue", "ResolvedAt", "SlaDeadlineMs", "SlaSeverity", "Status", "Subject", "TagsJson", "TicketNumber", "UpdatedAt")
      VALUES (@p0, @p1, @p2, @p3, @p4, @p5, @p6, @p7, @p8, @p9, @p10, @p11, @p12, @p13, @p14, @p15, @p16, @p17);
info: Microsoft.EntityFrameworkCore.Database.Command[20101]
      Executed DbCommand (0ms) [Parameters=[@p0='?' (Size = 9), @p1='?' (DbType = Int32), @p2='?', @p3='?' (Size = 10), @p4='?' (Size = 123), @p5='?' (Size = 4), @p6='?' (Size = 18), @p7='?' (DbType = DateTime), @p8='?' (Size = 2), @p9='?' (Size = 8), @p10='?' (DbType = DateTime), @p11='?' (DbType = Int64), @p12='?' (Size = 2), @p13='?' (Size = 7), @p14='?' (Size = 27), @p15='?' (Size = 15), @p16='?' (DbType = Int32), @p17='?' (DbType = DateTime)], CommandType='Text', CommandTimeout='30']
      INSERT INTO "tickets" ("Id", "AgeMinutes", "AssigneeId", "AssigneeKind", "BodyHtml", "Channel", "Customer", "OpenedAt", "Priority", "Queue", "ResolvedAt", "SlaDeadlineMs", "SlaSeverity", "Status", "Subject", "TagsJson", "TicketNumber", "UpdatedAt")
      VALUES (@p0, @p1, @p2, @p3, @p4, @p5, @p6, @p7, @p8, @p9, @p10, @p11, @p12, @p13, @p14, @p15, @p16, @p17);
info: Microsoft.EntityFrameworkCore.Database.Command[20101]
      Executed DbCommand (0ms) [Parameters=[@p0='?' (Size = 9), @p1='?' (DbType = Int32), @p2='?' (Size = 12), @p3='?' (Size = 5), @p4='?' (Size = 124), @p5='?' (Size = 6), @p6='?' (Size = 20), @p7='?' (DbType = DateTime), @p8='?' (Size = 2), @p9='?' (Size = 8), @p10='?' (DbType = DateTime), @p11='?' (DbType = Int64), @p12='?' (Size = 2), @p13='?' (Size = 6), @p14='?' (Size = 26), @p15='?' (Size = 7), @p16='?' (DbType = Int32), @p17='?' (DbType = DateTime)], CommandType='Text', CommandTimeout='30']
      INSERT INTO "tickets" ("Id", "AgeMinutes", "AssigneeId", "AssigneeKind", "BodyHtml", "Channel", "Customer", "OpenedAt", "Priority", "Queue", "ResolvedAt", "SlaDeadlineMs", "SlaSeverity", "Status", "Subject", "TagsJson", "TicketNumber", "UpdatedAt")
      VALUES (@p0, @p1, @p2, @p3, @p4, @p5, @p6, @p7, @p8, @p9, @p10, @p11, @p12, @p13, @p14, @p15, @p16, @p17);
info: Microsoft.EntityFrameworkCore.Database.Command[20101]
      Executed DbCommand (0ms) [Parameters=[@p0='?' (Size = 9), @p1='?' (DbType = Int32), @p2='?' (Size = 11), @p3='?' (Size = 5), @p4='?' (Size = 132), @p5='?' (Size = 6), @p6='?' (Size = 19), @p7='?' (DbType = DateTime), @p8='?' (Size = 2), @p9='?' (Size = 7), @p10='?' (DbType = DateTime), @p11='?' (DbType = Int64), @p12='?' (Size = 6), @p13='?' (Size = 4), @p14='?' (Size = 35), @p15='?' (Size = 2), @p16='?' (DbType = Int32), @p17='?' (DbType = DateTime)], CommandType='Text', CommandTimeout='30']
      INSERT INTO "tickets" ("Id", "AgeMinutes", "AssigneeId", "AssigneeKind", "BodyHtml", "Channel", "Customer", "OpenedAt", "Priority", "Queue", "ResolvedAt", "SlaDeadlineMs", "SlaSeverity", "Status", "Subject", "TagsJson", "TicketNumber", "UpdatedAt")
      VALUES (@p0, @p1, @p2, @p3, @p4, @p5, @p6, @p7, @p8, @p9, @p10, @p11, @p12, @p13, @p14, @p15, @p16, @p17);
info: Microsoft.EntityFrameworkCore.Database.Command[20101]
      Executed DbCommand (0ms) [Parameters=[@p0='?' (Size = 9), @p1='?' (DbType = Int32), @p2='?' (Size = 11), @p3='?' (Size = 5), @p4='?' (Size = 128), @p5='?' (Size = 5), @p6='?' (Size = 24), @p7='?' (DbType = DateTime), @p8='?' (Size = 2), @p9='?' (Size = 7), @p10='?' (DbType = DateTime), @p11='?' (DbType = Int64), @p12='?' (Size = 2), @p13='?' (Size = 4), @p14='?' (Size = 26), @p15='?' (Size = 2), @p16='?' (DbType = Int32), @p17='?' (DbType = DateTime)], CommandType='Text', CommandTimeout='30']
      INSERT INTO "tickets" ("Id", "AgeMinutes", "AssigneeId", "AssigneeKind", "BodyHtml", "Channel", "Customer", "OpenedAt", "Priority", "Queue", "ResolvedAt", "SlaDeadlineMs", "SlaSeverity", "Status", "Subject", "TagsJson", "TicketNumber", "UpdatedAt")
      VALUES (@p0, @p1, @p2, @p3, @p4, @p5, @p6, @p7, @p8, @p9, @p10, @p11, @p12, @p13, @p14, @p15, @p16, @p17);
info: Microsoft.EntityFrameworkCore.Database.Command[20101]
      Executed DbCommand (0ms) [Parameters=[@p0='?' (Size = 9), @p1='?' (DbType = Int32), @p2='?' (Size = 10), @p3='?' (Size = 5), @p4='?' (Size = 131), @p5='?' (Size = 6), @p6='?' (Size = 18), @p7='?' (DbType = DateTime), @p8='?' (Size = 2), @p9='?' (Size = 7), @p10='?' (DbType = DateTime), @p11='?' (DbType = Int64), @p12='?' (Size = 2), @p13='?' (Size = 8), @p14='?' (Size = 35), @p15='?' (Size = 2), @p16='?' (DbType = Int32), @p17='?' (DbType = DateTime)], CommandType='Text', CommandTimeout='30']
      INSERT INTO "tickets" ("Id", "AgeMinutes", "AssigneeId", "AssigneeKind", "BodyHtml", "Channel", "Customer", "OpenedAt", "Priority", "Queue", "ResolvedAt", "SlaDeadlineMs", "SlaSeverity", "Status", "Subject", "TagsJson", "TicketNumber", "UpdatedAt")
      VALUES (@p0, @p1, @p2, @p3, @p4, @p5, @p6, @p7, @p8, @p9, @p10, @p11, @p12, @p13, @p14, @p15, @p16, @p17);
info: Microsoft.EntityFrameworkCore.Database.Command[20101]
      Executed DbCommand (0ms) [Parameters=[@p0='?' (Size = 9), @p1='?' (DbType = Int32), @p2='?', @p3='?' (Size = 10), @p4='?' (Size = 127), @p5='?' (Size = 5), @p6='?' (Size = 12), @p7='?' (DbType = DateTime), @p8='?' (Size = 2), @p9='?' (Size = 7), @p10='?' (DbType = DateTime), @p11='?' (DbType = Int64), @p12='?' (Size = 2), @p13='?' (Size = 6), @p14='?' (Size = 37), @p15='?' (Size = 7), @p16='?' (DbType = Int32), @p17='?' (DbType = DateTime)], CommandType='Text', CommandTimeout='30']
      INSERT INTO "tickets" ("Id", "AgeMinutes", "AssigneeId", "AssigneeKind", "BodyHtml", "Channel", "Customer", "OpenedAt", "Priority", "Queue", "ResolvedAt", "SlaDeadlineMs", "SlaSeverity", "Status", "Subject", "TagsJson", "TicketNumber", "UpdatedAt")
      VALUES (@p0, @p1, @p2, @p3, @p4, @p5, @p6, @p7, @p8, @p9, @p10, @p11, @p12, @p13, @p14, @p15, @p16, @p17);
info: Microsoft.EntityFrameworkCore.Database.Command[20101]
      Executed DbCommand (0ms) [Parameters=[@p0='?' (Size = 9), @p1='?' (DbType = Int32), @p2='?' (Size = 10), @p3='?' (Size = 5), @p4='?' (Size = 133), @p5='?' (Size = 6), @p6='?' (Size = 20), @p7='?' (DbType = DateTime), @p8='?' (Size = 2), @p9='?' (Size = 7), @p10='?' (DbType = DateTime), @p11='?' (DbType = Int64), @p12='?' (Size = 6), @p13='?' (Size = 4), @p14='?' (Size = 35), @p15='?' (Size = 2), @p16='?' (DbType = Int32), @p17='?' (DbType = DateTime)], CommandType='Text', CommandTimeout='30']
      INSERT INTO "tickets" ("Id", "AgeMinutes", "AssigneeId", "AssigneeKind", "BodyHtml", "Channel", "Customer", "OpenedAt", "Priority", "Queue", "ResolvedAt", "SlaDeadlineMs", "SlaSeverity", "Status", "Subject", "TagsJson", "TicketNumber", "UpdatedAt")
      VALUES (@p0, @p1, @p2, @p3, @p4, @p5, @p6, @p7, @p8, @p9, @p10, @p11, @p12, @p13, @p14, @p15, @p16, @p17);
info: Microsoft.EntityFrameworkCore.Database.Command[20101]
      Executed DbCommand (0ms) [Parameters=[@p0='?' (Size = 9), @p1='?' (DbType = Int32), @p2='?' (Size = 12), @p3='?' (Size = 5), @p4='?' (Size = 124), @p5='?' (Size = 6), @p6='?' (Size = 20), @p7='?' (DbType = DateTime), @p8='?' (Size = 2), @p9='?' (Size = 7), @p10='?' (DbType = DateTime), @p11='?' (DbType = Int64), @p12='?' (Size = 2), @p13='?' (Size = 8), @p14='?' (Size = 26), @p15='?' (Size = 2), @p16='?' (DbType = Int32), @p17='?' (DbType = DateTime)], CommandType='Text', CommandTimeout='30']
      INSERT INTO "tickets" ("Id", "AgeMinutes", "AssigneeId", "AssigneeKind", "BodyHtml", "Channel", "Customer", "OpenedAt", "Priority", "Queue", "ResolvedAt", "SlaDeadlineMs", "SlaSeverity", "Status", "Subject", "TagsJson", "TicketNumber", "UpdatedAt")
      VALUES (@p0, @p1, @p2, @p3, @p4, @p5, @p6, @p7, @p8, @p9, @p10, @p11, @p12, @p13, @p14, @p15, @p16, @p17);
info: Microsoft.EntityFrameworkCore.Database.Command[20101]
      Executed DbCommand (0ms) [Parameters=[@p0='?' (Size = 9), @p1='?' (DbType = Int32), @p2='?' (Size = 12), @p3='?' (Size = 5), @p4='?' (Size = 127), @p5='?' (Size = 6), @p6='?' (Size = 21), @p7='?' (DbType = DateTime), @p8='?' (Size = 2), @p9='?' (Size = 8), @p10='?' (DbType = DateTime), @p11='?' (DbType = Int64), @p12='?' (Size = 2), @p13='?' (Size = 6), @p14='?' (Size = 28), @p15='?' (Size = 2), @p16='?' (DbType = Int32), @p17='?' (DbType = DateTime)], CommandType='Text', CommandTimeout='30']
      INSERT INTO "tickets" ("Id", "AgeMinutes", "AssigneeId", "AssigneeKind", "BodyHtml", "Channel", "Customer", "OpenedAt", "Priority", "Queue", "ResolvedAt", "SlaDeadlineMs", "SlaSeverity", "Status", "Subject", "TagsJson", "TicketNumber", "UpdatedAt")
      VALUES (@p0, @p1, @p2, @p3, @p4, @p5, @p6, @p7, @p8, @p9, @p10, @p11, @p12, @p13, @p14, @p15, @p16, @p17);
info: Microsoft.EntityFrameworkCore.Database.Command[20101]
      Executed DbCommand (0ms) [Parameters=[@p0='?' (Size = 9), @p1='?' (DbType = Int32), @p2='?' (Size = 12), @p3='?' (Size = 5), @p4='?' (Size = 132), @p5='?' (Size = 6), @p6='?' (Size = 19), @p7='?' (DbType = DateTime), @p8='?' (Size = 2), @p9='?' (Size = 7), @p10='?' (DbType = DateTime), @p11='?' (DbType = Int64), @p12='?' (Size = 2), @p13='?' (Size = 8), @p14='?' (Size = 35), @p15='?' (Size = 7), @p16='?' (DbType = Int32), @p17='?' (DbType = DateTime)], CommandType='Text', CommandTimeout='30']
      INSERT INTO "tickets" ("Id", "AgeMinutes", "AssigneeId", "AssigneeKind", "BodyHtml", "Channel", "Customer", "OpenedAt", "Priority", "Queue", "ResolvedAt", "SlaDeadlineMs", "SlaSeverity", "Status", "Subject", "TagsJson", "TicketNumber", "UpdatedAt")
      VALUES (@p0, @p1, @p2, @p3, @p4, @p5, @p6, @p7, @p8, @p9, @p10, @p11, @p12, @p13, @p14, @p15, @p16, @p17);
info: Microsoft.EntityFrameworkCore.Database.Command[20101]
      Executed DbCommand (0ms) [Parameters=[@p0='?' (Size = 9), @p1='?' (DbType = Int32), @p2='?', @p3='?' (Size = 10), @p4='?' (Size = 120), @p5='?' (Size = 5), @p6='?' (Size = 16), @p7='?' (DbType = DateTime), @p8='?' (Size = 2), @p9='?' (Size = 7), @p10='?' (DbType = DateTime), @p11='?' (DbType = Int64), @p12='?' (Size = 6), @p13='?' (Size = 7), @p14='?' (Size = 26), @p15='?' (Size = 15), @p16='?' (DbType = Int32), @p17='?' (DbType = DateTime)], CommandType='Text', CommandTimeout='30']
      INSERT INTO "tickets" ("Id", "AgeMinutes", "AssigneeId", "AssigneeKind", "BodyHtml", "Channel", "Customer", "OpenedAt", "Priority", "Queue", "ResolvedAt", "SlaDeadlineMs", "SlaSeverity", "Status", "Subject", "TagsJson", "TicketNumber", "UpdatedAt")
      VALUES (@p0, @p1, @p2, @p3, @p4, @p5, @p6, @p7, @p8, @p9, @p10, @p11, @p12, @p13, @p14, @p15, @p16, @p17);
info: Microsoft.EntityFrameworkCore.Database.Command[20101]
      Executed DbCommand (0ms) [Parameters=[@p0='?' (Size = 9), @p1='?' (DbType = Int32), @p2='?' (Size = 12), @p3='?' (Size = 5), @p4='?' (Size = 126), @p5='?' (Size = 6), @p6='?' (Size = 20), @p7='?' (DbType = DateTime), @p8='?' (Size = 2), @p9='?' (Size = 7), @p10='?' (DbType = DateTime), @p11='?' (DbType = Int64), @p12='?' (Size = 2), @p13='?' (Size = 8), @p14='?' (Size = 28), @p15='?' (Size = 2), @p16='?' (DbType = Int32), @p17='?' (DbType = DateTime)], CommandType='Text', CommandTimeout='30']
      INSERT INTO "tickets" ("Id", "AgeMinutes", "AssigneeId", "AssigneeKind", "BodyHtml", "Channel", "Customer", "OpenedAt", "Priority", "Queue", "ResolvedAt", "SlaDeadlineMs", "SlaSeverity", "Status", "Subject", "TagsJson", "TicketNumber", "UpdatedAt")
      VALUES (@p0, @p1, @p2, @p3, @p4, @p5, @p6, @p7, @p8, @p9, @p10, @p11, @p12, @p13, @p14, @p15, @p16, @p17);
info: Microsoft.EntityFrameworkCore.Database.Command[20101]
      Executed DbCommand (0ms) [Parameters=[@p0='?' (Size = 9), @p1='?' (DbType = Int32), @p2='?' (Size = 12), @p3='?' (Size = 5), @p4='?' (Size = 124), @p5='?' (Size = 6), @p6='?' (Size = 20), @p7='?' (DbType = DateTime), @p8='?' (Size = 2), @p9='?' (Size = 8), @p10='?' (DbType = DateTime), @p11='?' (DbType = Int64), @p12='?' (Size = 2), @p13='?' (Size = 6), @p14='?' (Size = 26), @p15='?' (Size = 2), @p16='?' (DbType = Int32), @p17='?' (DbType = DateTime)], CommandType='Text', CommandTimeout='30']
      INSERT INTO "tickets" ("Id", "AgeMinutes", "AssigneeId", "AssigneeKind", "BodyHtml", "Channel", "Customer", "OpenedAt", "Priority", "Queue", "ResolvedAt", "SlaDeadlineMs", "SlaSeverity", "Status", "Subject", "TagsJson", "TicketNumber", "UpdatedAt")
      VALUES (@p0, @p1, @p2, @p3, @p4, @p5, @p6, @p7, @p8, @p9, @p10, @p11, @p12, @p13, @p14, @p15, @p16, @p17);
info: Microsoft.EntityFrameworkCore.Database.Command[20101]
      Executed DbCommand (0ms) [Parameters=[@p0='?' (Size = 9), @p1='?' (DbType = Int32), @p2='?' (Size = 12), @p3='?' (Size = 5), @p4='?' (Size = 139), @p5='?' (Size = 4), @p6='?' (Size = 19), @p7='?' (DbType = DateTime), @p8='?' (Size = 2), @p9='?' (Size = 8), @p10='?' (DbType = DateTime), @p11='?' (DbType = Int64), @p12='?' (Size = 2), @p13='?' (Size = 8), @p14='?' (Size = 42), @p15='?' (Size = 7), @p16='?' (DbType = Int32), @p17='?' (DbType = DateTime)], CommandType='Text', CommandTimeout='30']
      INSERT INTO "tickets" ("Id", "AgeMinutes", "AssigneeId", "AssigneeKind", "BodyHtml", "Channel", "Customer", "OpenedAt", "Priority", "Queue", "ResolvedAt", "SlaDeadlineMs", "SlaSeverity", "Status", "Subject", "TagsJson", "TicketNumber", "UpdatedAt")
      VALUES (@p0, @p1, @p2, @p3, @p4, @p5, @p6, @p7, @p8, @p9, @p10, @p11, @p12, @p13, @p14, @p15, @p16, @p17);
info: Microsoft.EntityFrameworkCore.Database.Command[20101]
      Executed DbCommand (0ms) [Parameters=[@p0='?' (Size = 9), @p1='?' (DbType = Int32), @p2='?' (Size = 12), @p3='?' (Size = 5), @p4='?' (Size = 139), @p5='?' (Size = 6), @p6='?' (Size = 19), @p7='?' (DbType = DateTime), @p8='?' (Size = 2), @p9='?' (Size = 7), @p10='?' (DbType = DateTime), @p11='?' (DbType = Int64), @p12='?' (Size = 2), @p13='?' (Size = 8), @p14='?' (Size = 42), @p15='?' (Size = 2), @p16='?' (DbType = Int32), @p17='?' (DbType = DateTime)], CommandType='Text', CommandTimeout='30']
      INSERT INTO "tickets" ("Id", "AgeMinutes", "AssigneeId", "AssigneeKind", "BodyHtml", "Channel", "Customer", "OpenedAt", "Priority", "Queue", "ResolvedAt", "SlaDeadlineMs", "SlaSeverity", "Status", "Subject", "TagsJson", "TicketNumber", "UpdatedAt")
      VALUES (@p0, @p1, @p2, @p3, @p4, @p5, @p6, @p7, @p8, @p9, @p10, @p11, @p12, @p13, @p14, @p15, @p16, @p17);
info: Microsoft.EntityFrameworkCore.Database.Command[20101]
      Executed DbCommand (0ms) [Parameters=[@p0='?' (Size = 9), @p1='?' (DbType = Int32), @p2='?', @p3='?' (Size = 10), @p4='?' (Size = 120), @p5='?' (Size = 5), @p6='?' (Size = 16), @p7='?' (DbType = DateTime), @p8='?' (Size = 2), @p9='?' (Size = 7), @p10='?' (DbType = DateTime), @p11='?' (DbType = Int64), @p12='?' (Size = 6), @p13='?' (Size = 4), @p14='?' (Size = 26), @p15='?' (Size = 15), @p16='?' (DbType = Int32), @p17='?' (DbType = DateTime)], CommandType='Text', CommandTimeout='30']
      INSERT INTO "tickets" ("Id", "AgeMinutes", "AssigneeId", "AssigneeKind", "BodyHtml", "Channel", "Customer", "OpenedAt", "Priority", "Queue", "ResolvedAt", "SlaDeadlineMs", "SlaSeverity", "Status", "Subject", "TagsJson", "TicketNumber", "UpdatedAt")
      VALUES (@p0, @p1, @p2, @p3, @p4, @p5, @p6, @p7, @p8, @p9, @p10, @p11, @p12, @p13, @p14, @p15, @p16, @p17);
info: Microsoft.EntityFrameworkCore.Database.Command[20101]
      Executed DbCommand (0ms) [Parameters=[@p0='?' (Size = 9), @p1='?' (DbType = Int32), @p2='?' (Size = 13), @p3='?' (Size = 5), @p4='?' (Size = 122), @p5='?' (Size = 4), @p6='?' (Size = 16), @p7='?' (DbType = DateTime), @p8='?' (Size = 2), @p9='?' (Size = 8), @p10='?' (DbType = DateTime), @p11='?' (DbType = Int64), @p12='?' (Size = 2), @p13='?' (Size = 4), @p14='?' (Size = 28), @p15='?' (Size = 2), @p16='?' (DbType = Int32), @p17='?' (DbType = DateTime)], CommandType='Text', CommandTimeout='30']
      INSERT INTO "tickets" ("Id", "AgeMinutes", "AssigneeId", "AssigneeKind", "BodyHtml", "Channel", "Customer", "OpenedAt", "Priority", "Queue", "ResolvedAt", "SlaDeadlineMs", "SlaSeverity", "Status", "Subject", "TagsJson", "TicketNumber", "UpdatedAt")
      VALUES (@p0, @p1, @p2, @p3, @p4, @p5, @p6, @p7, @p8, @p9, @p10, @p11, @p12, @p13, @p14, @p15, @p16, @p17);
info: Microsoft.EntityFrameworkCore.Database.Command[20101]
      Executed DbCommand (0ms) [Parameters=[@p0='?' (Size = 9), @p1='?' (DbType = Int32), @p2='?' (Size = 12), @p3='?' (Size = 5), @p4='?' (Size = 122), @p5='?' (Size = 5), @p6='?' (Size = 18), @p7='?' (DbType = DateTime), @p8='?' (Size = 2), @p9='?' (Size = 7), @p10='?' (DbType = DateTime), @p11='?' (DbType = Int64), @p12='?' (Size = 4), @p13='?' (Size = 4), @p14='?' (Size = 26), @p15='?' (Size = 7), @p16='?' (DbType = Int32), @p17='?' (DbType = DateTime)], CommandType='Text', CommandTimeout='30']
      INSERT INTO "tickets" ("Id", "AgeMinutes", "AssigneeId", "AssigneeKind", "BodyHtml", "Channel", "Customer", "OpenedAt", "Priority", "Queue", "ResolvedAt", "SlaDeadlineMs", "SlaSeverity", "Status", "Subject", "TagsJson", "TicketNumber", "UpdatedAt")
      VALUES (@p0, @p1, @p2, @p3, @p4, @p5, @p6, @p7, @p8, @p9, @p10, @p11, @p12, @p13, @p14, @p15, @p16, @p17);
info: Microsoft.EntityFrameworkCore.Database.Command[20101]
      Executed DbCommand (0ms) [Parameters=[@p0='?' (Size = 9), @p1='?' (DbType = Int32), @p2='?' (Size = 12), @p3='?' (Size = 5), @p4='?' (Size = 129), @p5='?' (Size = 6), @p6='?' (Size = 18), @p7='?' (DbType = DateTime), @p8='?' (Size = 2), @p9='?' (Size = 7), @p10='?' (DbType = DateTime), @p11='?' (DbType = Int64), @p12='?' (Size = 6), @p13='?' (Size = 4), @p14='?' (Size = 33), @p15='?' (Size = 2), @p16='?' (DbType = Int32), @p17='?' (DbType = DateTime)], CommandType='Text', CommandTimeout='30']
      INSERT INTO "tickets" ("Id", "AgeMinutes", "AssigneeId", "AssigneeKind", "BodyHtml", "Channel", "Customer", "OpenedAt", "Priority", "Queue", "ResolvedAt", "SlaDeadlineMs", "SlaSeverity", "Status", "Subject", "TagsJson", "TicketNumber", "UpdatedAt")
      VALUES (@p0, @p1, @p2, @p3, @p4, @p5, @p6, @p7, @p8, @p9, @p10, @p11, @p12, @p13, @p14, @p15, @p16, @p17);
info: Microsoft.EntityFrameworkCore.Database.Command[20101]
      Executed DbCommand (0ms) [Parameters=[@p0='?' (Size = 9), @p1='?' (DbType = Int32), @p2='?' (Size = 12), @p3='?' (Size = 5), @p4='?' (Size = 131), @p5='?' (Size = 6), @p6='?' (Size = 20), @p7='?' (DbType = DateTime), @p8='?' (Size = 2), @p9='?' (Size = 7), @p10='?' (DbType = DateTime), @p11='?' (DbType = Int64), @p12='?' (Size = 2), @p13='?' (Size = 6), @p14='?' (Size = 33), @p15='?' (Size = 2), @p16='?' (DbType = Int32), @p17='?' (DbType = DateTime)], CommandType='Text', CommandTimeout='30']
      INSERT INTO "tickets" ("Id", "AgeMinutes", "AssigneeId", "AssigneeKind", "BodyHtml", "Channel", "Customer", "OpenedAt", "Priority", "Queue", "ResolvedAt", "SlaDeadlineMs", "SlaSeverity", "Status", "Subject", "TagsJson", "TicketNumber", "UpdatedAt")
      VALUES (@p0, @p1, @p2, @p3, @p4, @p5, @p6, @p7, @p8, @p9, @p10, @p11, @p12, @p13, @p14, @p15, @p16, @p17);
info: Microsoft.EntityFrameworkCore.Database.Command[20101]
      Executed DbCommand (0ms) [Parameters=[@p0='?' (Size = 9), @p1='?' (DbType = Int32), @p2='?', @p3='?' (Size = 10), @p4='?' (Size = 130), @p5='?' (Size = 5), @p6='?' (Size = 17), @p7='?' (DbType = DateTime), @p8='?' (Size = 2), @p9='?' (Size = 7), @p10='?' (DbType = DateTime), @p11='?' (DbType = Int64), @p12='?' (Size = 2), @p13='?' (Size = 6), @p14='?' (Size = 35), @p15='?' (Size = 15), @p16='?' (DbType = Int32), @p17='?' (DbType = DateTime)], CommandType='Text', CommandTimeout='30']
      INSERT INTO "tickets" ("Id", "AgeMinutes", "AssigneeId", "AssigneeKind", "BodyHtml", "Channel", "Customer", "OpenedAt", "Priority", "Queue", "ResolvedAt", "SlaDeadlineMs", "SlaSeverity", "Status", "Subject", "TagsJson", "TicketNumber", "UpdatedAt")
      VALUES (@p0, @p1, @p2, @p3, @p4, @p5, @p6, @p7, @p8, @p9, @p10, @p11, @p12, @p13, @p14, @p15, @p16, @p17);
info: Microsoft.EntityFrameworkCore.Database.Command[20101]
      Executed DbCommand (0ms) [Parameters=[@p0='?' (Size = 9), @p1='?' (DbType = Int32), @p2='?' (Size = 12), @p3='?' (Size = 5), @p4='?' (Size = 122), @p5='?' (Size = 6), @p6='?' (Size = 18), @p7='?' (DbType = DateTime), @p8='?' (Size = 2), @p9='?' (Size = 7), @p10='?' (DbType = DateTime), @p11='?' (DbType = Int64), @p12='?' (Size = 4), @p13='?' (Size = 4), @p14='?' (Size = 26), @p15='?' (Size = 7), @p16='?' (DbType = Int32), @p17='?' (DbType = DateTime)], CommandType='Text', CommandTimeout='30']
      INSERT INTO "tickets" ("Id", "AgeMinutes", "AssigneeId", "AssigneeKind", "BodyHtml", "Channel", "Customer", "OpenedAt", "Priority", "Queue", "ResolvedAt", "SlaDeadlineMs", "SlaSeverity", "Status", "Subject", "TagsJson", "TicketNumber", "UpdatedAt")
      VALUES (@p0, @p1, @p2, @p3, @p4, @p5, @p6, @p7, @p8, @p9, @p10, @p11, @p12, @p13, @p14, @p15, @p16, @p17);
info: Microsoft.EntityFrameworkCore.Database.Command[20101]
      Executed DbCommand (0ms) [Parameters=[@p0='?' (Size = 9), @p1='?' (DbType = Int32), @p2='?' (Size = 10), @p3='?' (Size = 5), @p4='?' (Size = 130), @p5='?' (Size = 4), @p6='?' (Size = 18), @p7='?' (DbType = DateTime), @p8='?' (Size = 2), @p9='?' (Size = 8), @p10='?' (DbType = DateTime), @p11='?' (DbType = Int64), @p12='?' (Size = 2), @p13='?' (Size = 4), @p14='?' (Size = 34), @p15='?' (Size = 2), @p16='?' (DbType = Int32), @p17='?' (DbType = DateTime)], CommandType='Text', CommandTimeout='30']
      INSERT INTO "tickets" ("Id", "AgeMinutes", "AssigneeId", "AssigneeKind", "BodyHtml", "Channel", "Customer", "OpenedAt", "Priority", "Queue", "ResolvedAt", "SlaDeadlineMs", "SlaSeverity", "Status", "Subject", "TagsJson", "TicketNumber", "UpdatedAt")
      VALUES (@p0, @p1, @p2, @p3, @p4, @p5, @p6, @p7, @p8, @p9, @p10, @p11, @p12, @p13, @p14, @p15, @p16, @p17);
info: Microsoft.EntityFrameworkCore.Database.Command[20101]
      Executed DbCommand (0ms) [Parameters=[@p0='?' (Size = 9), @p1='?' (DbType = Int32), @p2='?' (Size = 13), @p3='?' (Size = 5), @p4='?' (Size = 131), @p5='?' (Size = 6), @p6='?' (Size = 20), @p7='?' (DbType = DateTime), @p8='?' (Size = 2), @p9='?' (Size = 7), @p10='?' (DbType = DateTime), @p11='?' (DbType = Int64), @p12='?' (Size = 4), @p13='?' (Size = 4), @p14='?' (Size = 33), @p15='?' (Size = 2), @p16='?' (DbType = Int32), @p17='?' (DbType = DateTime)], CommandType='Text', CommandTimeout='30']
      INSERT INTO "tickets" ("Id", "AgeMinutes", "AssigneeId", "AssigneeKind", "BodyHtml", "Channel", "Customer", "OpenedAt", "Priority", "Queue", "ResolvedAt", "SlaDeadlineMs", "SlaSeverity", "Status", "Subject", "TagsJson", "TicketNumber", "UpdatedAt")
      VALUES (@p0, @p1, @p2, @p3, @p4, @p5, @p6, @p7, @p8, @p9, @p10, @p11, @p12, @p13, @p14, @p15, @p16, @p17);
info: Microsoft.EntityFrameworkCore.Database.Command[20101]
      Executed DbCommand (0ms) [Parameters=[@p0='?' (Size = 9), @p1='?' (DbType = Int32), @p2='?' (Size = 12), @p3='?' (Size = 5), @p4='?' (Size = 128), @p5='?' (Size = 5), @p6='?' (Size = 17), @p7='?' (DbType = DateTime), @p8='?' (Size = 2), @p9='?' (Size = 7), @p10='?' (DbType = DateTime), @p11='?' (DbType = Int64), @p12='?' (Size = 6), @p13='?' (Size = 4), @p14='?' (Size = 33), @p15='?' (Size = 2), @p16='?' (DbType = Int32), @p17='?' (DbType = DateTime)], CommandType='Text', CommandTimeout='30']
      INSERT INTO "tickets" ("Id", "AgeMinutes", "AssigneeId", "AssigneeKind", "BodyHtml", "Channel", "Customer", "OpenedAt", "Priority", "Queue", "ResolvedAt", "SlaDeadlineMs", "SlaSeverity", "Status", "Subject", "TagsJson", "TicketNumber", "UpdatedAt")
      VALUES (@p0, @p1, @p2, @p3, @p4, @p5, @p6, @p7, @p8, @p9, @p10, @p11, @p12, @p13, @p14, @p15, @p16, @p17);
info: Microsoft.EntityFrameworkCore.Database.Command[20101]
      Executed DbCommand (0ms) [Parameters=[@p0='?' (Size = 9), @p1='?' (DbType = Int32), @p2='?', @p3='?' (Size = 10), @p4='?' (Size = 129), @p5='?' (Size = 6), @p6='?' (Size = 18), @p7='?' (DbType = DateTime), @p8='?' (Size = 2), @p9='?' (Size = 7), @p10='?' (DbType = DateTime), @p11='?' (DbType = Int64), @p12='?' (Size = 4), @p13='?' (Size = 4), @p14='?' (Size = 33), @p15='?' (Size = 7), @p16='?' (DbType = Int32), @p17='?' (DbType = DateTime)], CommandType='Text', CommandTimeout='30']
      INSERT INTO "tickets" ("Id", "AgeMinutes", "AssigneeId", "AssigneeKind", "BodyHtml", "Channel", "Customer", "OpenedAt", "Priority", "Queue", "ResolvedAt", "SlaDeadlineMs", "SlaSeverity", "Status", "Subject", "TagsJson", "TicketNumber", "UpdatedAt")
      VALUES (@p0, @p1, @p2, @p3, @p4, @p5, @p6, @p7, @p8, @p9, @p10, @p11, @p12, @p13, @p14, @p15, @p16, @p17);
info: Microsoft.EntityFrameworkCore.Database.Command[20101]
      Executed DbCommand (0ms) [Parameters=[@p0='?' (Size = 9), @p1='?' (DbType = Int32), @p2='?' (Size = 13), @p3='?' (Size = 5), @p4='?' (Size = 129), @p5='?' (Size = 5), @p6='?' (Size = 18), @p7='?' (DbType = DateTime), @p8='?' (Size = 2), @p9='?' (Size = 8), @p10='?' (DbType = DateTime), @p11='?' (DbType = Int64), @p12='?' (Size = 2), @p13='?' (Size = 7), @p14='?' (Size = 33), @p15='?' (Size = 2), @p16='?' (DbType = Int32), @p17='?' (DbType = DateTime)], CommandType='Text', CommandTimeout='30']
      INSERT INTO "tickets" ("Id", "AgeMinutes", "AssigneeId", "AssigneeKind", "BodyHtml", "Channel", "Customer", "OpenedAt", "Priority", "Queue", "ResolvedAt", "SlaDeadlineMs", "SlaSeverity", "Status", "Subject", "TagsJson", "TicketNumber", "UpdatedAt")
      VALUES (@p0, @p1, @p2, @p3, @p4, @p5, @p6, @p7, @p8, @p9, @p10, @p11, @p12, @p13, @p14, @p15, @p16, @p17);
info: Microsoft.EntityFrameworkCore.Database.Command[20101]
      Executed DbCommand (0ms) [Parameters=[@p0='?' (Size = 9), @p1='?' (DbType = Int32), @p2='?' (Size = 12), @p3='?' (Size = 5), @p4='?' (Size = 136), @p5='?' (Size = 4), @p6='?' (Size = 16), @p7='?' (DbType = DateTime), @p8='?' (Size = 2), @p9='?' (Size = 7), @p10='?' (DbType = DateTime), @p11='?' (DbType = Int64), @p12='?' (Size = 2), @p13='?' (Size = 6), @p14='?' (Size = 42), @p15='?' (Size = 2), @p16='?' (DbType = Int32), @p17='?' (DbType = DateTime)], CommandType='Text', CommandTimeout='30']
      INSERT INTO "tickets" ("Id", "AgeMinutes", "AssigneeId", "AssigneeKind", "BodyHtml", "Channel", "Customer", "OpenedAt", "Priority", "Queue", "ResolvedAt", "SlaDeadlineMs", "SlaSeverity", "Status", "Subject", "TagsJson", "TicketNumber", "UpdatedAt")
      VALUES (@p0, @p1, @p2, @p3, @p4, @p5, @p6, @p7, @p8, @p9, @p10, @p11, @p12, @p13, @p14, @p15, @p16, @p17);
info: Microsoft.EntityFrameworkCore.Database.Command[20101]
      Executed DbCommand (0ms) [Parameters=[@p0='?' (Size = 9), @p1='?' (DbType = Int32), @p2='?' (Size = 11), @p3='?' (Size = 5), @p4='?' (Size = 136), @p5='?' (Size = 4), @p6='?' (Size = 16), @p7='?' (DbType = DateTime), @p8='?' (Size = 2), @p9='?' (Size = 7), @p10='?' (DbType = DateTime), @p11='?' (DbType = Int64), @p12='?' (Size = 6), @p13='?' (Size = 4), @p14='?' (Size = 42), @p15='?' (Size = 2), @p16='?' (DbType = Int32), @p17='?' (DbType = DateTime)], CommandType='Text', CommandTimeout='30']
      INSERT INTO "tickets" ("Id", "AgeMinutes", "AssigneeId", "AssigneeKind", "BodyHtml", "Channel", "Customer", "OpenedAt", "Priority", "Queue", "ResolvedAt", "SlaDeadlineMs", "SlaSeverity", "Status", "Subject", "TagsJson", "TicketNumber", "UpdatedAt")
      VALUES (@p0, @p1, @p2, @p3, @p4, @p5, @p6, @p7, @p8, @p9, @p10, @p11, @p12, @p13, @p14, @p15, @p16, @p17);
info: Microsoft.EntityFrameworkCore.Database.Command[20101]
      Executed DbCommand (0ms) [Parameters=[@p0='?' (Size = 9), @p1='?' (DbType = Int32), @p2='?' (Size = 11), @p3='?' (Size = 5), @p4='?' (Size = 140), @p5='?' (Size = 5), @p6='?' (Size = 19), @p7='?' (DbType = DateTime), @p8='?' (Size = 2), @p9='?' (Size = 7), @p10='?' (DbType = DateTime), @p11='?' (DbType = Int64), @p12='?' (Size = 2), @p13='?' (Size = 4), @p14='?' (Size = 43), @p15='?' (Size = 7), @p16='?' (DbType = Int32), @p17='?' (DbType = DateTime)], CommandType='Text', CommandTimeout='30']
      INSERT INTO "tickets" ("Id", "AgeMinutes", "AssigneeId", "AssigneeKind", "BodyHtml", "Channel", "Customer", "OpenedAt", "Priority", "Queue", "ResolvedAt", "SlaDeadlineMs", "SlaSeverity", "Status", "Subject", "TagsJson", "TicketNumber", "UpdatedAt")
      VALUES (@p0, @p1, @p2, @p3, @p4, @p5, @p6, @p7, @p8, @p9, @p10, @p11, @p12, @p13, @p14, @p15, @p16, @p17);
info: Microsoft.EntityFrameworkCore.Database.Command[20101]
      Executed DbCommand (0ms) [Parameters=[@p0='?' (Size = 9), @p1='?' (DbType = Int32), @p2='?', @p3='?' (Size = 10), @p4='?' (Size = 130), @p5='?' (Size = 6), @p6='?' (Size = 17), @p7='?' (DbType = DateTime), @p8='?' (Size = 2), @p9='?' (Size = 7), @p10='?' (DbType = DateTime), @p11='?' (DbType = Int64), @p12='?' (Size = 2), @p13='?' (Size = 8), @p14='?' (Size = 35), @p15='?' (Size = 15), @p16='?' (DbType = Int32), @p17='?' (DbType = DateTime)], CommandType='Text', CommandTimeout='30']
      INSERT INTO "tickets" ("Id", "AgeMinutes", "AssigneeId", "AssigneeKind", "BodyHtml", "Channel", "Customer", "OpenedAt", "Priority", "Queue", "ResolvedAt", "SlaDeadlineMs", "SlaSeverity", "Status", "Subject", "TagsJson", "TicketNumber", "UpdatedAt")
      VALUES (@p0, @p1, @p2, @p3, @p4, @p5, @p6, @p7, @p8, @p9, @p10, @p11, @p12, @p13, @p14, @p15, @p16, @p17);
info: Microsoft.EntityFrameworkCore.Database.Command[20101]
      Executed DbCommand (0ms) [Parameters=[@p0='?' (Size = 9), @p1='?' (DbType = Int32), @p2='?' (Size = 12), @p3='?' (Size = 5), @p4='?' (Size = 128), @p5='?' (Size = 5), @p6='?' (Size = 24), @p7='?' (DbType = DateTime), @p8='?' (Size = 2), @p9='?' (Size = 7), @p10='?' (DbType = DateTime), @p11='?' (DbType = Int64), @p12='?' (Size = 2), @p13='?' (Size = 6), @p14='?' (Size = 26), @p15='?' (Size = 2), @p16='?' (DbType = Int32), @p17='?' (DbType = DateTime)], CommandType='Text', CommandTimeout='30']
      INSERT INTO "tickets" ("Id", "AgeMinutes", "AssigneeId", "AssigneeKind", "BodyHtml", "Channel", "Customer", "OpenedAt", "Priority", "Queue", "ResolvedAt", "SlaDeadlineMs", "SlaSeverity", "Status", "Subject", "TagsJson", "TicketNumber", "UpdatedAt")
      VALUES (@p0, @p1, @p2, @p3, @p4, @p5, @p6, @p7, @p8, @p9, @p10, @p11, @p12, @p13, @p14, @p15, @p16, @p17);
info: Microsoft.EntityFrameworkCore.Database.Command[20101]
      Executed DbCommand (0ms) [Parameters=[@p0='?' (Size = 9), @p1='?' (DbType = Int32), @p2='?' (Size = 12), @p3='?' (Size = 5), @p4='?' (Size = 132), @p5='?' (Size = 6), @p6='?' (Size = 19), @p7='?' (DbType = DateTime), @p8='?' (Size = 2), @p9='?' (Size = 8), @p10='?' (DbType = DateTime), @p11='?' (DbType = Int64), @p12='?' (Size = 4), @p13='?' (Size = 4), @p14='?' (Size = 35), @p15='?' (Size = 2), @p16='?' (DbType = Int32), @p17='?' (DbType = DateTime)], CommandType='Text', CommandTimeout='30']
      INSERT INTO "tickets" ("Id", "AgeMinutes", "AssigneeId", "AssigneeKind", "BodyHtml", "Channel", "Customer", "OpenedAt", "Priority", "Queue", "ResolvedAt", "SlaDeadlineMs", "SlaSeverity", "Status", "Subject", "TagsJson", "TicketNumber", "UpdatedAt")
      VALUES (@p0, @p1, @p2, @p3, @p4, @p5, @p6, @p7, @p8, @p9, @p10, @p11, @p12, @p13, @p14, @p15, @p16, @p17);
info: Microsoft.EntityFrameworkCore.Database.Command[20101]
      Executed DbCommand (0ms) [Parameters=[@p0='?' (Size = 9), @p1='?' (DbType = Int32), @p2='?' (Size = 10), @p3='?' (Size = 5), @p4='?' (Size = 131), @p5='?' (Size = 6), @p6='?' (Size = 18), @p7='?' (DbType = DateTime), @p8='?' (Size = 2), @p9='?' (Size = 7), @p10='?' (DbType = DateTime), @p11='?' (DbType = Int64), @p12='?' (Size = 6), @p13='?' (Size = 7), @p14='?' (Size = 35), @p15='?' (Size = 7), @p16='?' (DbType = Int32), @p17='?' (DbType = DateTime)], CommandType='Text', CommandTimeout='30']
      INSERT INTO "tickets" ("Id", "AgeMinutes", "AssigneeId", "AssigneeKind", "BodyHtml", "Channel", "Customer", "OpenedAt", "Priority", "Queue", "ResolvedAt", "SlaDeadlineMs", "SlaSeverity", "Status", "Subject", "TagsJson", "TicketNumber", "UpdatedAt")
      VALUES (@p0, @p1, @p2, @p3, @p4, @p5, @p6, @p7, @p8, @p9, @p10, @p11, @p12, @p13, @p14, @p15, @p16, @p17);
info: Microsoft.EntityFrameworkCore.Database.Command[20101]
      Executed DbCommand (0ms) [Parameters=[@p0='?' (Size = 9), @p1='?' (DbType = Int32), @p2='?' (Size = 12), @p3='?' (Size = 5), @p4='?' (Size = 126), @p5='?' (Size = 5), @p6='?' (Size = 20), @p7='?' (DbType = DateTime), @p8='?' (Size = 2), @p9='?' (Size = 7), @p10='?' (DbType = DateTime), @p11='?' (DbType = Int64), @p12='?' (Size = 4), @p13='?' (Size = 4), @p14='?' (Size = 28), @p15='?' (Size = 2), @p16='?' (DbType = Int32), @p17='?' (DbType = DateTime)], CommandType='Text', CommandTimeout='30']
      INSERT INTO "tickets" ("Id", "AgeMinutes", "AssigneeId", "AssigneeKind", "BodyHtml", "Channel", "Customer", "OpenedAt", "Priority", "Queue", "ResolvedAt", "SlaDeadlineMs", "SlaSeverity", "Status", "Subject", "TagsJson", "TicketNumber", "UpdatedAt")
      VALUES (@p0, @p1, @p2, @p3, @p4, @p5, @p6, @p7, @p8, @p9, @p10, @p11, @p12, @p13, @p14, @p15, @p16, @p17);
info: Microsoft.EntityFrameworkCore.Database.Command[20101]
      Executed DbCommand (0ms) [Parameters=[@p0='?' (Size = 9), @p1='?' (DbType = Int32), @p2='?', @p3='?' (Size = 10), @p4='?' (Size = 133), @p5='?' (Size = 5), @p6='?' (Size = 18), @p7='?' (DbType = DateTime), @p8='?' (Size = 2), @p9='?' (Size = 8), @p10='?' (DbType = DateTime), @p11='?' (DbType = Int64), @p12='?' (Size = 2), @p13='?' (Size = 8), @p14='?' (Size = 37), @p15='?' (Size = 15), @p16='?' (DbType = Int32), @p17='?' (DbType = DateTime)], CommandType='Text', CommandTimeout='30']
      INSERT INTO "tickets" ("Id", "AgeMinutes", "AssigneeId", "AssigneeKind", "BodyHtml", "Channel", "Customer", "OpenedAt", "Priority", "Queue", "ResolvedAt", "SlaDeadlineMs", "SlaSeverity", "Status", "Subject", "TagsJson", "TicketNumber", "UpdatedAt")
      VALUES (@p0, @p1, @p2, @p3, @p4, @p5, @p6, @p7, @p8, @p9, @p10, @p11, @p12, @p13, @p14, @p15, @p16, @p17);
info: Microsoft.EntityFrameworkCore.Database.Command[20101]
      Executed DbCommand (0ms) [Parameters=[@p0='?' (Size = 9), @p1='?' (DbType = Int32), @p2='?' (Size = 11), @p3='?' (Size = 5), @p4='?' (Size = 134), @p5='?' (Size = 5), @p6='?' (Size = 19), @p7='?' (DbType = DateTime), @p8='?' (Size = 2), @p9='?' (Size = 7), @p10='?' (DbType = DateTime), @p11='?' (DbType = Int64), @p12='?' (Size = 2), @p13='?' (Size = 7), @p14='?' (Size = 37), @p15='?' (Size = 2), @p16='?' (DbType = Int32), @p17='?' (DbType = DateTime)], CommandType='Text', CommandTimeout='30']
      INSERT INTO "tickets" ("Id", "AgeMinutes", "AssigneeId", "AssigneeKind", "BodyHtml", "Channel", "Customer", "OpenedAt", "Priority", "Queue", "ResolvedAt", "SlaDeadlineMs", "SlaSeverity", "Status", "Subject", "TagsJson", "TicketNumber", "UpdatedAt")
      VALUES (@p0, @p1, @p2, @p3, @p4, @p5, @p6, @p7, @p8, @p9, @p10, @p11, @p12, @p13, @p14, @p15, @p16, @p17);
info: Microsoft.EntityFrameworkCore.Database.Command[20101]
      Executed DbCommand (0ms) [Parameters=[@p0='?' (Size = 9), @p1='?' (DbType = Int32), @p2='?' (Size = 12), @p3='?' (Size = 5), @p4='?' (Size = 139), @p5='?' (Size = 6), @p6='?' (Size = 24), @p7='?' (DbType = DateTime), @p8='?' (Size = 2), @p9='?' (Size = 7), @p10='?' (DbType = DateTime), @p11='?' (DbType = Int64), @p12='?' (Size = 4), @p13='?' (Size = 4), @p14='?' (Size = 37), @p15='?' (Size = 7), @p16='?' (DbType = Int32), @p17='?' (DbType = DateTime)], CommandType='Text', CommandTimeout='30']
      INSERT INTO "tickets" ("Id", "AgeMinutes", "AssigneeId", "AssigneeKind", "BodyHtml", "Channel", "Customer", "OpenedAt", "Priority", "Queue", "ResolvedAt", "SlaDeadlineMs", "SlaSeverity", "Status", "Subject", "TagsJson", "TicketNumber", "UpdatedAt")
      VALUES (@p0, @p1, @p2, @p3, @p4, @p5, @p6, @p7, @p8, @p9, @p10, @p11, @p12, @p13, @p14, @p15, @p16, @p17);
info: Microsoft.EntityFrameworkCore.Database.Command[20101]
      Executed DbCommand (0ms) [Parameters=[@p0='?' (Size = 9), @p1='?' (DbType = Int32), @p2='?' (Size = 12), @p3='?' (Size = 5), @p4='?' (Size = 132), @p5='?' (Size = 6), @p6='?' (Size = 19), @p7='?' (DbType = DateTime), @p8='?' (Size = 2), @p9='?' (Size = 8), @p10='?' (DbType = DateTime), @p11='?' (DbType = Int64), @p12='?' (Size = 4), @p13='?' (Size = 4), @p14='?' (Size = 35), @p15='?' (Size = 2), @p16='?' (DbType = Int32), @p17='?' (DbType = DateTime)], CommandType='Text', CommandTimeout='30']
      INSERT INTO "tickets" ("Id", "AgeMinutes", "AssigneeId", "AssigneeKind", "BodyHtml", "Channel", "Customer", "OpenedAt", "Priority", "Queue", "ResolvedAt", "SlaDeadlineMs", "SlaSeverity", "Status", "Subject", "TagsJson", "TicketNumber", "UpdatedAt")
      VALUES (@p0, @p1, @p2, @p3, @p4, @p5, @p6, @p7, @p8, @p9, @p10, @p11, @p12, @p13, @p14, @p15, @p16, @p17);
info: Microsoft.EntityFrameworkCore.Database.Command[20101]
      Executed DbCommand (0ms) [Parameters=[@p0='?' (Size = 9), @p1='?' (DbType = Int32), @p2='?' (Size = 12), @p3='?' (Size = 5), @p4='?' (Size = 138), @p5='?' (Size = 6), @p6='?' (Size = 18), @p7='?' (DbType = DateTime), @p8='?' (Size = 2), @p9='?' (Size = 7), @p10='?' (DbType = DateTime), @p11='?' (DbType = Int64), @p12='?' (Size = 2), @p13='?' (Size = 7), @p14='?' (Size = 42), @p15='?' (Size = 2), @p16='?' (DbType = Int32), @p17='?' (DbType = DateTime)], CommandType='Text', CommandTimeout='30']
      INSERT INTO "tickets" ("Id", "AgeMinutes", "AssigneeId", "AssigneeKind", "BodyHtml", "Channel", "Customer", "OpenedAt", "Priority", "Queue", "ResolvedAt", "SlaDeadlineMs", "SlaSeverity", "Status", "Subject", "TagsJson", "TicketNumber", "UpdatedAt")
      VALUES (@p0, @p1, @p2, @p3, @p4, @p5, @p6, @p7, @p8, @p9, @p10, @p11, @p12, @p13, @p14, @p15, @p16, @p17);
info: Microsoft.EntityFrameworkCore.Database.Command[20101]
      Executed DbCommand (0ms) [Parameters=[@p0='?' (Size = 9), @p1='?' (DbType = Int32), @p2='?', @p3='?' (Size = 10), @p4='?' (Size = 129), @p5='?' (Size = 5), @p6='?' (Size = 24), @p7='?' (DbType = DateTime), @p8='?' (Size = 2), @p9='?' (Size = 7), @p10='?' (DbType = DateTime), @p11='?' (DbType = Int64), @p12='?' (Size = 4), @p13='?' (Size = 7), @p14='?' (Size = 27), @p15='?' (Size = 15), @p16='?' (DbType = Int32), @p17='?' (DbType = DateTime)], CommandType='Text', CommandTimeout='30']
      INSERT INTO "tickets" ("Id", "AgeMinutes", "AssigneeId", "AssigneeKind", "BodyHtml", "Channel", "Customer", "OpenedAt", "Priority", "Queue", "ResolvedAt", "SlaDeadlineMs", "SlaSeverity", "Status", "Subject", "TagsJson", "TicketNumber", "UpdatedAt")
      VALUES (@p0, @p1, @p2, @p3, @p4, @p5, @p6, @p7, @p8, @p9, @p10, @p11, @p12, @p13, @p14, @p15, @p16, @p17);
info: Microsoft.EntityFrameworkCore.Database.Command[20101]
      Executed DbCommand (0ms) [Parameters=[@p0='?' (Size = 9), @p1='?' (DbType = Int32), @p2='?' (Size = 11), @p3='?' (Size = 5), @p4='?' (Size = 125), @p5='?' (Size = 5), @p6='?' (Size = 20), @p7='?' (DbType = DateTime), @p8='?' (Size = 2), @p9='?' (Size = 8), @p10='?' (DbType = DateTime), @p11='?' (DbType = Int64), @p12='?' (Size = 2), @p13='?' (Size = 8), @p14='?' (Size = 27), @p15='?' (Size = 7), @p16='?' (DbType = Int32), @p17='?' (DbType = DateTime)], CommandType='Text', CommandTimeout='30']
      INSERT INTO "tickets" ("Id", "AgeMinutes", "AssigneeId", "AssigneeKind", "BodyHtml", "Channel", "Customer", "OpenedAt", "Priority", "Queue", "ResolvedAt", "SlaDeadlineMs", "SlaSeverity", "Status", "Subject", "TagsJson", "TicketNumber", "UpdatedAt")
      VALUES (@p0, @p1, @p2, @p3, @p4, @p5, @p6, @p7, @p8, @p9, @p10, @p11, @p12, @p13, @p14, @p15, @p16, @p17);
info: Microsoft.EntityFrameworkCore.Database.Command[20101]
      Executed DbCommand (0ms) [Parameters=[@p0='?' (Size = 9), @p1='?' (DbType = Int32), @p2='?' (Size = 11), @p3='?' (Size = 5), @p4='?' (Size = 131), @p5='?' (Size = 5), @p6='?' (Size = 20), @p7='?' (DbType = DateTime), @p8='?' (Size = 2), @p9='?' (Size = 7), @p10='?' (DbType = DateTime), @p11='?' (DbType = Int64), @p12='?' (Size = 2), @p13='?' (Size = 4), @p14='?' (Size = 33), @p15='?' (Size = 2), @p16='?' (DbType = Int32), @p17='?' (DbType = DateTime)], CommandType='Text', CommandTimeout='30']
      INSERT INTO "tickets" ("Id", "AgeMinutes", "AssigneeId", "AssigneeKind", "BodyHtml", "Channel", "Customer", "OpenedAt", "Priority", "Queue", "ResolvedAt", "SlaDeadlineMs", "SlaSeverity", "Status", "Subject", "TagsJson", "TicketNumber", "UpdatedAt")
      VALUES (@p0, @p1, @p2, @p3, @p4, @p5, @p6, @p7, @p8, @p9, @p10, @p11, @p12, @p13, @p14, @p15, @p16, @p17);
info: Microsoft.EntityFrameworkCore.Database.Command[20101]
      Executed DbCommand (0ms) [Parameters=[@p0='?' (Size = 9), @p1='?' (DbType = Int32), @p2='?' (Size = 10), @p3='?' (Size = 5), @p4='?' (Size = 129), @p5='?' (Size = 5), @p6='?' (Size = 18), @p7='?' (DbType = DateTime), @p8='?' (Size = 2), @p9='?' (Size = 7), @p10='?' (DbType = DateTime), @p11='?' (DbType = Int64), @p12='?' (Size = 2), @p13='?' (Size = 7), @p14='?' (Size = 33), @p15='?' (Size = 2), @p16='?' (DbType = Int32), @p17='?' (DbType = DateTime)], CommandType='Text', CommandTimeout='30']
      INSERT INTO "tickets" ("Id", "AgeMinutes", "AssigneeId", "AssigneeKind", "BodyHtml", "Channel", "Customer", "OpenedAt", "Priority", "Queue", "ResolvedAt", "SlaDeadlineMs", "SlaSeverity", "Status", "Subject", "TagsJson", "TicketNumber", "UpdatedAt")
      VALUES (@p0, @p1, @p2, @p3, @p4, @p5, @p6, @p7, @p8, @p9, @p10, @p11, @p12, @p13, @p14, @p15, @p16, @p17);
info: Microsoft.EntityFrameworkCore.Database.Command[20101]
      Executed DbCommand (0ms) [Parameters=[@p0='?' (Size = 9), @p1='?' (DbType = Int32), @p2='?' (Size = 12), @p3='?' (Size = 5), @p4='?' (Size = 125), @p5='?' (Size = 4), @p6='?' (Size = 20), @p7='?' (DbType = DateTime), @p8='?' (Size = 2), @p9='?' (Size = 7), @p10='?' (DbType = DateTime), @p11='?' (DbType = Int64), @p12='?' (Size = 6), @p13='?' (Size = 4), @p14='?' (Size = 27), @p15='?' (Size = 2), @p16='?' (DbType = Int32), @p17='?' (DbType = DateTime)], CommandType='Text', CommandTimeout='30']
      INSERT INTO "tickets" ("Id", "AgeMinutes", "AssigneeId", "AssigneeKind", "BodyHtml", "Channel", "Customer", "OpenedAt", "Priority", "Queue", "ResolvedAt", "SlaDeadlineMs", "SlaSeverity", "Status", "Subject", "TagsJson", "TicketNumber", "UpdatedAt")
      VALUES (@p0, @p1, @p2, @p3, @p4, @p5, @p6, @p7, @p8, @p9, @p10, @p11, @p12, @p13, @p14, @p15, @p16, @p17);
info: Microsoft.EntityFrameworkCore.Database.Command[20101]
      Executed DbCommand (0ms) [Parameters=[@p0='?' (Size = 15), @p1='?' (Size = 6), @p2='?' (DbType = DateTime), @p3='?' (Size = 6), @p4='?' (Size = 4), @p5='?' (Size = 9), @p6='?' (Size = 14)], CommandType='Text', CommandTimeout='30']
      INSERT INTO "case_activities" ("Id", "Actor", "At", "Kind", "Sub", "TicketId", "Title")
      VALUES (@p0, @p1, @p2, @p3, @p4, @p5, @p6);
info: Microsoft.EntityFrameworkCore.Database.Command[20101]
      Executed DbCommand (0ms) [Parameters=[@p0='?' (Size = 15), @p1='?' (Size = 6), @p2='?' (DbType = DateTime), @p3='?' (Size = 10), @p4='?' (Size = 10), @p5='?' (Size = 9), @p6='?' (Size = 8)], CommandType='Text', CommandTimeout='30']
      INSERT INTO "case_activities" ("Id", "Actor", "At", "Kind", "Sub", "TicketId", "Title")
      VALUES (@p0, @p1, @p2, @p3, @p4, @p5, @p6);
info: Microsoft.EntityFrameworkCore.Database.Command[20101]
      Executed DbCommand (0ms) [Parameters=[@p0='?' (Size = 15), @p1='?' (Size = 6), @p2='?' (DbType = DateTime), @p3='?' (Size = 5), @p4='?' (Size = 41), @p5='?' (Size = 9), @p6='?' (Size = 10)], CommandType='Text', CommandTimeout='30']
      INSERT INTO "case_activities" ("Id", "Actor", "At", "Kind", "Sub", "TicketId", "Title")
      VALUES (@p0, @p1, @p2, @p3, @p4, @p5, @p6);
info: Microsoft.EntityFrameworkCore.Database.Command[20101]
      Executed DbCommand (0ms) [Parameters=[@p0='?' (Size = 15), @p1='?' (Size = 6), @p2='?' (DbType = DateTime), @p3='?' (Size = 3), @p4='?' (Size = 8), @p5='?' (Size = 9), @p6='?' (Size = 9)], CommandType='Text', CommandTimeout='30']
      INSERT INTO "case_activities" ("Id", "Actor", "At", "Kind", "Sub", "TicketId", "Title")
      VALUES (@p0, @p1, @p2, @p3, @p4, @p5, @p6);
info: Microsoft.EntityFrameworkCore.Database.Command[20101]
      Executed DbCommand (0ms) [Parameters=[@p0='?' (Size = 15), @p1='?' (Size = 8), @p2='?' (DbType = DateTime), @p3='?' (Size = 10), @p4='?' (Size = 8), @p5='?' (Size = 9), @p6='?' (Size = 8)], CommandType='Text', CommandTimeout='30']
      INSERT INTO "case_activities" ("Id", "Actor", "At", "Kind", "Sub", "TicketId", "Title")
      VALUES (@p0, @p1, @p2, @p3, @p4, @p5, @p6);
info: Microsoft.EntityFrameworkCore.Database.Command[20101]
      Executed DbCommand (0ms) [Parameters=[@p0='?' (Size = 15), @p1='?' (Size = 8), @p2='?' (DbType = DateTime), @p3='?' (Size = 5), @p4='?' (Size = 41), @p5='?' (Size = 9), @p6='?' (Size = 10)], CommandType='Text', CommandTimeout='30']
      INSERT INTO "case_activities" ("Id", "Actor", "At", "Kind", "Sub", "TicketId", "Title")
      VALUES (@p0, @p1, @p2, @p3, @p4, @p5, @p6);
info: Microsoft.EntityFrameworkCore.Database.Command[20101]
      Executed DbCommand (0ms) [Parameters=[@p0='?' (Size = 15), @p1='?' (Size = 8), @p2='?' (DbType = DateTime), @p3='?' (Size = 3), @p4='?' (Size = 8), @p5='?' (Size = 9), @p6='?' (Size = 9)], CommandType='Text', CommandTimeout='30']
      INSERT INTO "case_activities" ("Id", "Actor", "At", "Kind", "Sub", "TicketId", "Title")
      VALUES (@p0, @p1, @p2, @p3, @p4, @p5, @p6);
info: Microsoft.EntityFrameworkCore.Database.Command[20101]
      Executed DbCommand (0ms) [Parameters=[@p0='?' (Size = 15), @p1='?' (Size = 8), @p2='?' (DbType = DateTime), @p3='?' (Size = 4), @p4='?' (Size = 20), @p5='?' (Size = 9), @p6='?' (Size = 10)], CommandType='Text', CommandTimeout='30']
      INSERT INTO "case_activities" ("Id", "Actor", "At", "Kind", "Sub", "TicketId", "Title")
      VALUES (@p0, @p1, @p2, @p3, @p4, @p5, @p6);
info: Microsoft.EntityFrameworkCore.Database.Command[20101]
      Executed DbCommand (0ms) [Parameters=[@p0='?' (Size = 15), @p1='?' (Size = 9), @p2='?' (DbType = DateTime), @p3='?' (Size = 5), @p4='?' (Size = 41), @p5='?' (Size = 9), @p6='?' (Size = 10)], CommandType='Text', CommandTimeout='30']
      INSERT INTO "case_activities" ("Id", "Actor", "At", "Kind", "Sub", "TicketId", "Title")
      VALUES (@p0, @p1, @p2, @p3, @p4, @p5, @p6);
info: Microsoft.EntityFrameworkCore.Database.Command[20101]
      Executed DbCommand (0ms) [Parameters=[@p0='?' (Size = 15), @p1='?' (Size = 9), @p2='?' (DbType = DateTime), @p3='?' (Size = 3), @p4='?' (Size = 8), @p5='?' (Size = 9), @p6='?' (Size = 9)], CommandType='Text', CommandTimeout='30']
      INSERT INTO "case_activities" ("Id", "Actor", "At", "Kind", "Sub", "TicketId", "Title")
      VALUES (@p0, @p1, @p2, @p3, @p4, @p5, @p6);
info: Microsoft.EntityFrameworkCore.Database.Command[20101]
      Executed DbCommand (0ms) [Parameters=[@p0='?' (Size = 15), @p1='?' (Size = 9), @p2='?' (DbType = DateTime), @p3='?' (Size = 4), @p4='?' (Size = 20), @p5='?' (Size = 9), @p6='?' (Size = 10)], CommandType='Text', CommandTimeout='30']
      INSERT INTO "case_activities" ("Id", "Actor", "At", "Kind", "Sub", "TicketId", "Title")
      VALUES (@p0, @p1, @p2, @p3, @p4, @p5, @p6);
info: Microsoft.EntityFrameworkCore.Database.Command[20101]
      Executed DbCommand (0ms) [Parameters=[@p0='?' (Size = 15), @p1='?' (Size = 9), @p2='?' (DbType = DateTime), @p3='?' (Size = 6), @p4='?' (Size = 4), @p5='?' (Size = 9), @p6='?' (Size = 14)], CommandType='Text', CommandTimeout='30']
      INSERT INTO "case_activities" ("Id", "Actor", "At", "Kind", "Sub", "TicketId", "Title")
      VALUES (@p0, @p1, @p2, @p3, @p4, @p5, @p6);
info: Microsoft.EntityFrameworkCore.Database.Command[20101]
      Executed DbCommand (0ms) [Parameters=[@p0='?' (Size = 15), @p1='?' (Size = 10), @p2='?' (DbType = DateTime), @p3='?' (Size = 3), @p4='?' (Size = 8), @p5='?' (Size = 9), @p6='?' (Size = 9)], CommandType='Text', CommandTimeout='30']
      INSERT INTO "case_activities" ("Id", "Actor", "At", "Kind", "Sub", "TicketId", "Title")
      VALUES (@p0, @p1, @p2, @p3, @p4, @p5, @p6);
info: Microsoft.EntityFrameworkCore.Database.Command[20101]
      Executed DbCommand (0ms) [Parameters=[@p0='?' (Size = 15), @p1='?' (Size = 10), @p2='?' (DbType = DateTime), @p3='?' (Size = 4), @p4='?' (Size = 20), @p5='?' (Size = 9), @p6='?' (Size = 10)], CommandType='Text', CommandTimeout='30']
      INSERT INTO "case_activities" ("Id", "Actor", "At", "Kind", "Sub", "TicketId", "Title")
      VALUES (@p0, @p1, @p2, @p3, @p4, @p5, @p6);
info: Microsoft.EntityFrameworkCore.Database.Command[20101]
      Executed DbCommand (0ms) [Parameters=[@p0='?' (Size = 15), @p1='?' (Size = 10), @p2='?' (DbType = DateTime), @p3='?' (Size = 6), @p4='?' (Size = 6), @p5='?' (Size = 9), @p6='?' (Size = 14)], CommandType='Text', CommandTimeout='30']
      INSERT INTO "case_activities" ("Id", "Actor", "At", "Kind", "Sub", "TicketId", "Title")
      VALUES (@p0, @p1, @p2, @p3, @p4, @p5, @p6);
info: Microsoft.EntityFrameworkCore.Database.Command[20101]
      Executed DbCommand (0ms) [Parameters=[@p0='?' (Size = 15), @p1='?' (Size = 10), @p2='?' (DbType = DateTime), @p3='?' (Size = 10), @p4='?' (Size = 10), @p5='?' (Size = 9), @p6='?' (Size = 8)], CommandType='Text', CommandTimeout='30']
      INSERT INTO "case_activities" ("Id", "Actor", "At", "Kind", "Sub", "TicketId", "Title")
      VALUES (@p0, @p1, @p2, @p3, @p4, @p5, @p6);
info: Microsoft.EntityFrameworkCore.Database.Command[20101]
      Executed DbCommand (0ms) [Parameters=[@p0='?' (Size = 15), @p1='?' (Size = 9), @p2='?' (DbType = DateTime), @p3='?' (Size = 4), @p4='?' (Size = 20), @p5='?' (Size = 9), @p6='?' (Size = 10)], CommandType='Text', CommandTimeout='30']
      INSERT INTO "case_activities" ("Id", "Actor", "At", "Kind", "Sub", "TicketId", "Title")
      VALUES (@p0, @p1, @p2, @p3, @p4, @p5, @p6);
info: Microsoft.EntityFrameworkCore.Database.Command[20101]
      Executed DbCommand (0ms) [Parameters=[@p0='?' (Size = 15), @p1='?' (Size = 9), @p2='?' (DbType = DateTime), @p3='?' (Size = 6), @p4='?' (Size = 4), @p5='?' (Size = 9), @p6='?' (Size = 14)], CommandType='Text', CommandTimeout='30']
      INSERT INTO "case_activities" ("Id", "Actor", "At", "Kind", "Sub", "TicketId", "Title")
      VALUES (@p0, @p1, @p2, @p3, @p4, @p5, @p6);
info: Microsoft.EntityFrameworkCore.Database.Command[20101]
      Executed DbCommand (0ms) [Parameters=[@p0='?' (Size = 15), @p1='?' (Size = 9), @p2='?' (DbType = DateTime), @p3='?' (Size = 10), @p4='?' (Size = 9), @p5='?' (Size = 9), @p6='?' (Size = 8)], CommandType='Text', CommandTimeout='30']
      INSERT INTO "case_activities" ("Id", "Actor", "At", "Kind", "Sub", "TicketId", "Title")
      VALUES (@p0, @p1, @p2, @p3, @p4, @p5, @p6);
info: Microsoft.EntityFrameworkCore.Database.Command[20101]
      Executed DbCommand (0ms) [Parameters=[@p0='?' (Size = 15), @p1='?' (Size = 9), @p2='?' (DbType = DateTime), @p3='?' (Size = 5), @p4='?' (Size = 41), @p5='?' (Size = 9), @p6='?' (Size = 10)], CommandType='Text', CommandTimeout='30']
      INSERT INTO "case_activities" ("Id", "Actor", "At", "Kind", "Sub", "TicketId", "Title")
      VALUES (@p0, @p1, @p2, @p3, @p4, @p5, @p6);
info: Microsoft.EntityFrameworkCore.Database.Command[20101]
      Executed DbCommand (0ms) [Parameters=[@p0='?' (Size = 15), @p1='?' (Size = 6), @p2='?' (DbType = DateTime), @p3='?' (Size = 6), @p4='?' (Size = 4), @p5='?' (Size = 9), @p6='?' (Size = 14)], CommandType='Text', CommandTimeout='30']
      INSERT INTO "case_activities" ("Id", "Actor", "At", "Kind", "Sub", "TicketId", "Title")
      VALUES (@p0, @p1, @p2, @p3, @p4, @p5, @p6);
info: Microsoft.EntityFrameworkCore.Database.Command[20101]
      Executed DbCommand (0ms) [Parameters=[@p0='?' (Size = 15), @p1='?' (Size = 6), @p2='?' (DbType = DateTime), @p3='?' (Size = 10), @p4='?' (Size = 10), @p5='?' (Size = 9), @p6='?' (Size = 8)], CommandType='Text', CommandTimeout='30']
      INSERT INTO "case_activities" ("Id", "Actor", "At", "Kind", "Sub", "TicketId", "Title")
      VALUES (@p0, @p1, @p2, @p3, @p4, @p5, @p6);
info: Microsoft.EntityFrameworkCore.Database.Command[20101]
      Executed DbCommand (0ms) [Parameters=[@p0='?' (Size = 15), @p1='?' (Size = 6), @p2='?' (DbType = DateTime), @p3='?' (Size = 5), @p4='?' (Size = 41), @p5='?' (Size = 9), @p6='?' (Size = 10)], CommandType='Text', CommandTimeout='30']
      INSERT INTO "case_activities" ("Id", "Actor", "At", "Kind", "Sub", "TicketId", "Title")
      VALUES (@p0, @p1, @p2, @p3, @p4, @p5, @p6);
info: Microsoft.EntityFrameworkCore.Database.Command[20101]
      Executed DbCommand (0ms) [Parameters=[@p0='?' (Size = 15), @p1='?' (Size = 6), @p2='?' (DbType = DateTime), @p3='?' (Size = 3), @p4='?' (Size = 8), @p5='?' (Size = 9), @p6='?' (Size = 9)], CommandType='Text', CommandTimeout='30']
      INSERT INTO "case_activities" ("Id", "Actor", "At", "Kind", "Sub", "TicketId", "Title")
      VALUES (@p0, @p1, @p2, @p3, @p4, @p5, @p6);
info: Microsoft.EntityFrameworkCore.Database.Command[20101]
      Executed DbCommand (0ms) [Parameters=[@p0='?' (Size = 15), @p1='?' (Size = 8), @p2='?' (DbType = DateTime), @p3='?' (Size = 10), @p4='?' (Size = 8), @p5='?' (Size = 9), @p6='?' (Size = 8)], CommandType='Text', CommandTimeout='30']
      INSERT INTO "case_activities" ("Id", "Actor", "At", "Kind", "Sub", "TicketId", "Title")
      VALUES (@p0, @p1, @p2, @p3, @p4, @p5, @p6);
info: Microsoft.EntityFrameworkCore.Database.Command[20101]
      Executed DbCommand (0ms) [Parameters=[@p0='?' (Size = 15), @p1='?' (Size = 8), @p2='?' (DbType = DateTime), @p3='?' (Size = 5), @p4='?' (Size = 41), @p5='?' (Size = 9), @p6='?' (Size = 10)], CommandType='Text', CommandTimeout='30']
      INSERT INTO "case_activities" ("Id", "Actor", "At", "Kind", "Sub", "TicketId", "Title")
      VALUES (@p0, @p1, @p2, @p3, @p4, @p5, @p6);
info: Microsoft.EntityFrameworkCore.Database.Command[20101]
      Executed DbCommand (0ms) [Parameters=[@p0='?' (Size = 15), @p1='?' (Size = 8), @p2='?' (DbType = DateTime), @p3='?' (Size = 3), @p4='?' (Size = 8), @p5='?' (Size = 9), @p6='?' (Size = 9)], CommandType='Text', CommandTimeout='30']
      INSERT INTO "case_activities" ("Id", "Actor", "At", "Kind", "Sub", "TicketId", "Title")
      VALUES (@p0, @p1, @p2, @p3, @p4, @p5, @p6);
info: Microsoft.EntityFrameworkCore.Database.Command[20101]
      Executed DbCommand (0ms) [Parameters=[@p0='?' (Size = 15), @p1='?' (Size = 8), @p2='?' (DbType = DateTime), @p3='?' (Size = 4), @p4='?' (Size = 20), @p5='?' (Size = 9), @p6='?' (Size = 10)], CommandType='Text', CommandTimeout='30']
      INSERT INTO "case_activities" ("Id", "Actor", "At", "Kind", "Sub", "TicketId", "Title")
      VALUES (@p0, @p1, @p2, @p3, @p4, @p5, @p6);
info: Microsoft.EntityFrameworkCore.Database.Command[20101]
      Executed DbCommand (0ms) [Parameters=[@p0='?' (Size = 15), @p1='?' (Size = 8), @p2='?' (DbType = DateTime), @p3='?' (Size = 5), @p4='?' (Size = 41), @p5='?' (Size = 9), @p6='?' (Size = 10)], CommandType='Text', CommandTimeout='30']
      INSERT INTO "case_activities" ("Id", "Actor", "At", "Kind", "Sub", "TicketId", "Title")
      VALUES (@p0, @p1, @p2, @p3, @p4, @p5, @p6);
info: Microsoft.EntityFrameworkCore.Database.Command[20101]
      Executed DbCommand (0ms) [Parameters=[@p0='?' (Size = 15), @p1='?' (Size = 8), @p2='?' (DbType = DateTime), @p3='?' (Size = 3), @p4='?' (Size = 8), @p5='?' (Size = 9), @p6='?' (Size = 9)], CommandType='Text', CommandTimeout='30']
      INSERT INTO "case_activities" ("Id", "Actor", "At", "Kind", "Sub", "TicketId", "Title")
      VALUES (@p0, @p1, @p2, @p3, @p4, @p5, @p6);
info: Microsoft.EntityFrameworkCore.Database.Command[20101]
      Executed DbCommand (0ms) [Parameters=[@p0='?' (Size = 15), @p1='?' (Size = 8), @p2='?' (DbType = DateTime), @p3='?' (Size = 4), @p4='?' (Size = 20), @p5='?' (Size = 9), @p6='?' (Size = 10)], CommandType='Text', CommandTimeout='30']
      INSERT INTO "case_activities" ("Id", "Actor", "At", "Kind", "Sub", "TicketId", "Title")
      VALUES (@p0, @p1, @p2, @p3, @p4, @p5, @p6);
info: Microsoft.EntityFrameworkCore.Database.Command[20101]
      Executed DbCommand (0ms) [Parameters=[@p0='?' (Size = 15), @p1='?' (Size = 8), @p2='?' (DbType = DateTime), @p3='?' (Size = 6), @p4='?' (Size = 6), @p5='?' (Size = 9), @p6='?' (Size = 14)], CommandType='Text', CommandTimeout='30']
      INSERT INTO "case_activities" ("Id", "Actor", "At", "Kind", "Sub", "TicketId", "Title")
      VALUES (@p0, @p1, @p2, @p3, @p4, @p5, @p6);
info: Microsoft.EntityFrameworkCore.Database.Command[20101]
      Executed DbCommand (0ms) [Parameters=[@p0='?' (Size = 15), @p1='?' (Size = 9), @p2='?' (DbType = DateTime), @p3='?' (Size = 3), @p4='?' (Size = 8), @p5='?' (Size = 9), @p6='?' (Size = 9)], CommandType='Text', CommandTimeout='30']
      INSERT INTO "case_activities" ("Id", "Actor", "At", "Kind", "Sub", "TicketId", "Title")
      VALUES (@p0, @p1, @p2, @p3, @p4, @p5, @p6);
info: Microsoft.EntityFrameworkCore.Database.Command[20101]
      Executed DbCommand (0ms) [Parameters=[@p0='?' (Size = 15), @p1='?' (Size = 9), @p2='?' (DbType = DateTime), @p3='?' (Size = 4), @p4='?' (Size = 20), @p5='?' (Size = 9), @p6='?' (Size = 10)], CommandType='Text', CommandTimeout='30']
      INSERT INTO "case_activities" ("Id", "Actor", "At", "Kind", "Sub", "TicketId", "Title")
      VALUES (@p0, @p1, @p2, @p3, @p4, @p5, @p6);
info: Microsoft.EntityFrameworkCore.Database.Command[20101]
      Executed DbCommand (0ms) [Parameters=[@p0='?' (Size = 15), @p1='?' (Size = 9), @p2='?' (DbType = DateTime), @p3='?' (Size = 6), @p4='?' (Size = 4), @p5='?' (Size = 9), @p6='?' (Size = 14)], CommandType='Text', CommandTimeout='30']
      INSERT INTO "case_activities" ("Id", "Actor", "At", "Kind", "Sub", "TicketId", "Title")
      VALUES (@p0, @p1, @p2, @p3, @p4, @p5, @p6);
info: Microsoft.EntityFrameworkCore.Database.Command[20101]
      Executed DbCommand (0ms) [Parameters=[@p0='?' (Size = 15), @p1='?' (Size = 9), @p2='?' (DbType = DateTime), @p3='?' (Size = 10), @p4='?' (Size = 9), @p5='?' (Size = 9), @p6='?' (Size = 8)], CommandType='Text', CommandTimeout='30']
      INSERT INTO "case_activities" ("Id", "Actor", "At", "Kind", "Sub", "TicketId", "Title")
      VALUES (@p0, @p1, @p2, @p3, @p4, @p5, @p6);
info: Microsoft.EntityFrameworkCore.Database.Command[20101]
      Executed DbCommand (0ms) [Parameters=[@p0='?' (Size = 15), @p1='?' (Size = 9), @p2='?' (DbType = DateTime), @p3='?' (Size = 4), @p4='?' (Size = 20), @p5='?' (Size = 9), @p6='?' (Size = 10)], CommandType='Text', CommandTimeout='30']
      INSERT INTO "case_activities" ("Id", "Actor", "At", "Kind", "Sub", "TicketId", "Title")
      VALUES (@p0, @p1, @p2, @p3, @p4, @p5, @p6);
info: Microsoft.EntityFrameworkCore.Database.Command[20101]
      Executed DbCommand (0ms) [Parameters=[@p0='?' (Size = 15), @p1='?' (Size = 9), @p2='?' (DbType = DateTime), @p3='?' (Size = 6), @p4='?' (Size = 4), @p5='?' (Size = 9), @p6='?' (Size = 14)], CommandType='Text', CommandTimeout='30']
      INSERT INTO "case_activities" ("Id", "Actor", "At", "Kind", "Sub", "TicketId", "Title")
      VALUES (@p0, @p1, @p2, @p3, @p4, @p5, @p6);
info: Microsoft.EntityFrameworkCore.Database.Command[20101]
      Executed DbCommand (0ms) [Parameters=[@p0='?' (Size = 15), @p1='?' (Size = 9), @p2='?' (DbType = DateTime), @p3='?' (Size = 10), @p4='?' (Size = 9), @p5='?' (Size = 9), @p6='?' (Size = 8)], CommandType='Text', CommandTimeout='30']
      INSERT INTO "case_activities" ("Id", "Actor", "At", "Kind", "Sub", "TicketId", "Title")
      VALUES (@p0, @p1, @p2, @p3, @p4, @p5, @p6);
info: Microsoft.EntityFrameworkCore.Database.Command[20101]
      Executed DbCommand (0ms) [Parameters=[@p0='?' (Size = 15), @p1='?' (Size = 9), @p2='?' (DbType = DateTime), @p3='?' (Size = 5), @p4='?' (Size = 41), @p5='?' (Size = 9), @p6='?' (Size = 10)], CommandType='Text', CommandTimeout='30']
      INSERT INTO "case_activities" ("Id", "Actor", "At", "Kind", "Sub", "TicketId", "Title")
      VALUES (@p0, @p1, @p2, @p3, @p4, @p5, @p6);
info: Microsoft.EntityFrameworkCore.Database.Command[20101]
      Executed DbCommand (0ms) [Parameters=[@p0='?' (Size = 15), @p1='?' (Size = 6), @p2='?' (DbType = DateTime), @p3='?' (Size = 6), @p4='?' (Size = 7), @p5='?' (Size = 9), @p6='?' (Size = 14)], CommandType='Text', CommandTimeout='30']
      INSERT INTO "case_activities" ("Id", "Actor", "At", "Kind", "Sub", "TicketId", "Title")
      VALUES (@p0, @p1, @p2, @p3, @p4, @p5, @p6);
info: Microsoft.EntityFrameworkCore.Database.Command[20101]
      Executed DbCommand (0ms) [Parameters=[@p0='?' (Size = 15), @p1='?' (Size = 6), @p2='?' (DbType = DateTime), @p3='?' (Size = 10), @p4='?' (Size = 10), @p5='?' (Size = 9), @p6='?' (Size = 8)], CommandType='Text', CommandTimeout='30']
      INSERT INTO "case_activities" ("Id", "Actor", "At", "Kind", "Sub", "TicketId", "Title")
      VALUES (@p0, @p1, @p2, @p3, @p4, @p5, @p6);
info: Microsoft.EntityFrameworkCore.Database.Command[20101]
      Executed DbCommand (0ms) [Parameters=[@p0='?' (Size = 15), @p1='?' (Size = 6), @p2='?' (DbType = DateTime), @p3='?' (Size = 5), @p4='?' (Size = 41), @p5='?' (Size = 9), @p6='?' (Size = 10)], CommandType='Text', CommandTimeout='30']
      INSERT INTO "case_activities" ("Id", "Actor", "At", "Kind", "Sub", "TicketId", "Title")
      VALUES (@p0, @p1, @p2, @p3, @p4, @p5, @p6);
info: Microsoft.EntityFrameworkCore.Database.Command[20101]
      Executed DbCommand (0ms) [Parameters=[@p0='?' (Size = 15), @p1='?' (Size = 6), @p2='?' (DbType = DateTime), @p3='?' (Size = 3), @p4='?' (Size = 8), @p5='?' (Size = 9), @p6='?' (Size = 9)], CommandType='Text', CommandTimeout='30']
      INSERT INTO "case_activities" ("Id", "Actor", "At", "Kind", "Sub", "TicketId", "Title")
      VALUES (@p0, @p1, @p2, @p3, @p4, @p5, @p6);
info: Microsoft.EntityFrameworkCore.Database.Command[20101]
      Executed DbCommand (0ms) [Parameters=[@p0='?' (Size = 15), @p1='?' (Size = 9), @p2='?' (DbType = DateTime), @p3='?' (Size = 10), @p4='?' (Size = 9), @p5='?' (Size = 9), @p6='?' (Size = 8)], CommandType='Text', CommandTimeout='30']
      INSERT INTO "case_activities" ("Id", "Actor", "At", "Kind", "Sub", "TicketId", "Title")
      VALUES (@p0, @p1, @p2, @p3, @p4, @p5, @p6);
info: Microsoft.EntityFrameworkCore.Database.Command[20101]
      Executed DbCommand (0ms) [Parameters=[@p0='?' (Size = 15), @p1='?' (Size = 9), @p2='?' (DbType = DateTime), @p3='?' (Size = 5), @p4='?' (Size = 41), @p5='?' (Size = 9), @p6='?' (Size = 10)], CommandType='Text', CommandTimeout='30']
      INSERT INTO "case_activities" ("Id", "Actor", "At", "Kind", "Sub", "TicketId", "Title")
      VALUES (@p0, @p1, @p2, @p3, @p4, @p5, @p6);
info: Microsoft.EntityFrameworkCore.Database.Command[20101]
      Executed DbCommand (0ms) [Parameters=[@p0='?' (Size = 15), @p1='?' (Size = 9), @p2='?' (DbType = DateTime), @p3='?' (Size = 3), @p4='?' (Size = 8), @p5='?' (Size = 9), @p6='?' (Size = 9)], CommandType='Text', CommandTimeout='30']
      INSERT INTO "case_activities" ("Id", "Actor", "At", "Kind", "Sub", "TicketId", "Title")
      VALUES (@p0, @p1, @p2, @p3, @p4, @p5, @p6);
info: Microsoft.EntityFrameworkCore.Database.Command[20101]
      Executed DbCommand (0ms) [Parameters=[@p0='?' (Size = 15), @p1='?' (Size = 9), @p2='?' (DbType = DateTime), @p3='?' (Size = 4), @p4='?' (Size = 20), @p5='?' (Size = 9), @p6='?' (Size = 10)], CommandType='Text', CommandTimeout='30']
      INSERT INTO "case_activities" ("Id", "Actor", "At", "Kind", "Sub", "TicketId", "Title")
      VALUES (@p0, @p1, @p2, @p3, @p4, @p5, @p6);
info: Microsoft.EntityFrameworkCore.Database.Command[20101]
      Executed DbCommand (0ms) [Parameters=[@p0='?' (Size = 15), @p1='?' (Size = 9), @p2='?' (DbType = DateTime), @p3='?' (Size = 5), @p4='?' (Size = 41), @p5='?' (Size = 9), @p6='?' (Size = 10)], CommandType='Text', CommandTimeout='30']
      INSERT INTO "case_activities" ("Id", "Actor", "At", "Kind", "Sub", "TicketId", "Title")
      VALUES (@p0, @p1, @p2, @p3, @p4, @p5, @p6);
info: Microsoft.EntityFrameworkCore.Database.Command[20101]
      Executed DbCommand (0ms) [Parameters=[@p0='?' (Size = 15), @p1='?' (Size = 9), @p2='?' (DbType = DateTime), @p3='?' (Size = 3), @p4='?' (Size = 8), @p5='?' (Size = 9), @p6='?' (Size = 9)], CommandType='Text', CommandTimeout='30']
      INSERT INTO "case_activities" ("Id", "Actor", "At", "Kind", "Sub", "TicketId", "Title")
      VALUES (@p0, @p1, @p2, @p3, @p4, @p5, @p6);
info: Microsoft.EntityFrameworkCore.Database.Command[20101]
      Executed DbCommand (0ms) [Parameters=[@p0='?' (Size = 15), @p1='?' (Size = 9), @p2='?' (DbType = DateTime), @p3='?' (Size = 4), @p4='?' (Size = 20), @p5='?' (Size = 9), @p6='?' (Size = 10)], CommandType='Text', CommandTimeout='30']
      INSERT INTO "case_activities" ("Id", "Actor", "At", "Kind", "Sub", "TicketId", "Title")
      VALUES (@p0, @p1, @p2, @p3, @p4, @p5, @p6);
info: Microsoft.EntityFrameworkCore.Database.Command[20101]
      Executed DbCommand (0ms) [Parameters=[@p0='?' (Size = 15), @p1='?' (Size = 9), @p2='?' (DbType = DateTime), @p3='?' (Size = 6), @p4='?' (Size = 6), @p5='?' (Size = 9), @p6='?' (Size = 14)], CommandType='Text', CommandTimeout='30']
      INSERT INTO "case_activities" ("Id", "Actor", "At", "Kind", "Sub", "TicketId", "Title")
      VALUES (@p0, @p1, @p2, @p3, @p4, @p5, @p6);
info: Microsoft.EntityFrameworkCore.Database.Command[20101]
      Executed DbCommand (0ms) [Parameters=[@p0='?' (Size = 15), @p1='?' (Size = 9), @p2='?' (DbType = DateTime), @p3='?' (Size = 3), @p4='?' (Size = 8), @p5='?' (Size = 9), @p6='?' (Size = 9)], CommandType='Text', CommandTimeout='30']
      INSERT INTO "case_activities" ("Id", "Actor", "At", "Kind", "Sub", "TicketId", "Title")
      VALUES (@p0, @p1, @p2, @p3, @p4, @p5, @p6);
info: Microsoft.EntityFrameworkCore.Database.Command[20101]
      Executed DbCommand (0ms) [Parameters=[@p0='?' (Size = 15), @p1='?' (Size = 9), @p2='?' (DbType = DateTime), @p3='?' (Size = 4), @p4='?' (Size = 20), @p5='?' (Size = 9), @p6='?' (Size = 10)], CommandType='Text', CommandTimeout='30']
      INSERT INTO "case_activities" ("Id", "Actor", "At", "Kind", "Sub", "TicketId", "Title")
      VALUES (@p0, @p1, @p2, @p3, @p4, @p5, @p6);
info: Microsoft.EntityFrameworkCore.Database.Command[20101]
      Executed DbCommand (0ms) [Parameters=[@p0='?' (Size = 15), @p1='?' (Size = 9), @p2='?' (DbType = DateTime), @p3='?' (Size = 6), @p4='?' (Size = 8), @p5='?' (Size = 9), @p6='?' (Size = 14)], CommandType='Text', CommandTimeout='30']
      INSERT INTO "case_activities" ("Id", "Actor", "At", "Kind", "Sub", "TicketId", "Title")
      VALUES (@p0, @p1, @p2, @p3, @p4, @p5, @p6);
info: Microsoft.EntityFrameworkCore.Database.Command[20101]
      Executed DbCommand (0ms) [Parameters=[@p0='?' (Size = 15), @p1='?' (Size = 9), @p2='?' (DbType = DateTime), @p3='?' (Size = 10), @p4='?' (Size = 9), @p5='?' (Size = 9), @p6='?' (Size = 8)], CommandType='Text', CommandTimeout='30']
      INSERT INTO "case_activities" ("Id", "Actor", "At", "Kind", "Sub", "TicketId", "Title")
      VALUES (@p0, @p1, @p2, @p3, @p4, @p5, @p6);
info: Microsoft.EntityFrameworkCore.Database.Command[20101]
      Executed DbCommand (0ms) [Parameters=[@p0='?' (Size = 15), @p1='?' (Size = 9), @p2='?' (DbType = DateTime), @p3='?' (Size = 4), @p4='?' (Size = 20), @p5='?' (Size = 9), @p6='?' (Size = 10)], CommandType='Text', CommandTimeout='30']
      INSERT INTO "case_activities" ("Id", "Actor", "At", "Kind", "Sub", "TicketId", "Title")
      VALUES (@p0, @p1, @p2, @p3, @p4, @p5, @p6);
info: Microsoft.EntityFrameworkCore.Database.Command[20101]
      Executed DbCommand (0ms) [Parameters=[@p0='?' (Size = 15), @p1='?' (Size = 9), @p2='?' (DbType = DateTime), @p3='?' (Size = 6), @p4='?' (Size = 4), @p5='?' (Size = 9), @p6='?' (Size = 14)], CommandType='Text', CommandTimeout='30']
      INSERT INTO "case_activities" ("Id", "Actor", "At", "Kind", "Sub", "TicketId", "Title")
      VALUES (@p0, @p1, @p2, @p3, @p4, @p5, @p6);
info: Microsoft.EntityFrameworkCore.Database.Command[20101]
      Executed DbCommand (0ms) [Parameters=[@p0='?' (Size = 15), @p1='?' (Size = 9), @p2='?' (DbType = DateTime), @p3='?' (Size = 10), @p4='?' (Size = 9), @p5='?' (Size = 9), @p6='?' (Size = 8)], CommandType='Text', CommandTimeout='30']
      INSERT INTO "case_activities" ("Id", "Actor", "At", "Kind", "Sub", "TicketId", "Title")
      VALUES (@p0, @p1, @p2, @p3, @p4, @p5, @p6);
info: Microsoft.EntityFrameworkCore.Database.Command[20101]
      Executed DbCommand (0ms) [Parameters=[@p0='?' (Size = 15), @p1='?' (Size = 9), @p2='?' (DbType = DateTime), @p3='?' (Size = 5), @p4='?' (Size = 41), @p5='?' (Size = 9), @p6='?' (Size = 10)], CommandType='Text', CommandTimeout='30']
      INSERT INTO "case_activities" ("Id", "Actor", "At", "Kind", "Sub", "TicketId", "Title")
      VALUES (@p0, @p1, @p2, @p3, @p4, @p5, @p6);
info: Microsoft.EntityFrameworkCore.Database.Command[20101]
      Executed DbCommand (0ms) [Parameters=[@p0='?' (Size = 15), @p1='?' (Size = 6), @p2='?' (DbType = DateTime), @p3='?' (Size = 6), @p4='?' (Size = 8), @p5='?' (Size = 9), @p6='?' (Size = 14)], CommandType='Text', CommandTimeout='30']
      INSERT INTO "case_activities" ("Id", "Actor", "At", "Kind", "Sub", "TicketId", "Title")
      VALUES (@p0, @p1, @p2, @p3, @p4, @p5, @p6);
info: Microsoft.EntityFrameworkCore.Database.Command[20101]
      Executed DbCommand (0ms) [Parameters=[@p0='?' (Size = 15), @p1='?' (Size = 6), @p2='?' (DbType = DateTime), @p3='?' (Size = 10), @p4='?' (Size = 10), @p5='?' (Size = 9), @p6='?' (Size = 8)], CommandType='Text', CommandTimeout='30']
      INSERT INTO "case_activities" ("Id", "Actor", "At", "Kind", "Sub", "TicketId", "Title")
      VALUES (@p0, @p1, @p2, @p3, @p4, @p5, @p6);
info: Microsoft.EntityFrameworkCore.Database.Command[20101]
      Executed DbCommand (0ms) [Parameters=[@p0='?' (Size = 15), @p1='?' (Size = 6), @p2='?' (DbType = DateTime), @p3='?' (Size = 5), @p4='?' (Size = 41), @p5='?' (Size = 9), @p6='?' (Size = 10)], CommandType='Text', CommandTimeout='30']
      INSERT INTO "case_activities" ("Id", "Actor", "At", "Kind", "Sub", "TicketId", "Title")
      VALUES (@p0, @p1, @p2, @p3, @p4, @p5, @p6);
info: Microsoft.EntityFrameworkCore.Database.Command[20101]
      Executed DbCommand (0ms) [Parameters=[@p0='?' (Size = 15), @p1='?' (Size = 6), @p2='?' (DbType = DateTime), @p3='?' (Size = 3), @p4='?' (Size = 8), @p5='?' (Size = 9), @p6='?' (Size = 9)], CommandType='Text', CommandTimeout='30']
      INSERT INTO "case_activities" ("Id", "Actor", "At", "Kind", "Sub", "TicketId", "Title")
      VALUES (@p0, @p1, @p2, @p3, @p4, @p5, @p6);
info: Microsoft.EntityFrameworkCore.Database.Command[20101]
      Executed DbCommand (0ms) [Parameters=[@p0='?' (Size = 15), @p1='?' (Size = 9), @p2='?' (DbType = DateTime), @p3='?' (Size = 10), @p4='?' (Size = 9), @p5='?' (Size = 9), @p6='?' (Size = 8)], CommandType='Text', CommandTimeout='30']
      INSERT INTO "case_activities" ("Id", "Actor", "At", "Kind", "Sub", "TicketId", "Title")
      VALUES (@p0, @p1, @p2, @p3, @p4, @p5, @p6);
info: Microsoft.EntityFrameworkCore.Database.Command[20101]
      Executed DbCommand (0ms) [Parameters=[@p0='?' (Size = 15), @p1='?' (Size = 9), @p2='?' (DbType = DateTime), @p3='?' (Size = 5), @p4='?' (Size = 41), @p5='?' (Size = 9), @p6='?' (Size = 10)], CommandType='Text', CommandTimeout='30']
      INSERT INTO "case_activities" ("Id", "Actor", "At", "Kind", "Sub", "TicketId", "Title")
      VALUES (@p0, @p1, @p2, @p3, @p4, @p5, @p6);
info: Microsoft.EntityFrameworkCore.Database.Command[20101]
      Executed DbCommand (0ms) [Parameters=[@p0='?' (Size = 15), @p1='?' (Size = 9), @p2='?' (DbType = DateTime), @p3='?' (Size = 3), @p4='?' (Size = 8), @p5='?' (Size = 9), @p6='?' (Size = 9)], CommandType='Text', CommandTimeout='30']
      INSERT INTO "case_activities" ("Id", "Actor", "At", "Kind", "Sub", "TicketId", "Title")
      VALUES (@p0, @p1, @p2, @p3, @p4, @p5, @p6);
info: Microsoft.EntityFrameworkCore.Database.Command[20101]
      Executed DbCommand (0ms) [Parameters=[@p0='?' (Size = 15), @p1='?' (Size = 9), @p2='?' (DbType = DateTime), @p3='?' (Size = 4), @p4='?' (Size = 20), @p5='?' (Size = 9), @p6='?' (Size = 10)], CommandType='Text', CommandTimeout='30']
      INSERT INTO "case_activities" ("Id", "Actor", "At", "Kind", "Sub", "TicketId", "Title")
      VALUES (@p0, @p1, @p2, @p3, @p4, @p5, @p6);
info: Microsoft.EntityFrameworkCore.Database.Command[20101]
      Executed DbCommand (0ms) [Parameters=[@p0='?' (Size = 15), @p1='?' (Size = 9), @p2='?' (DbType = DateTime), @p3='?' (Size = 5), @p4='?' (Size = 41), @p5='?' (Size = 9), @p6='?' (Size = 10)], CommandType='Text', CommandTimeout='30']
      INSERT INTO "case_activities" ("Id", "Actor", "At", "Kind", "Sub", "TicketId", "Title")
      VALUES (@p0, @p1, @p2, @p3, @p4, @p5, @p6);
info: Microsoft.EntityFrameworkCore.Database.Command[20101]
      Executed DbCommand (0ms) [Parameters=[@p0='?' (Size = 15), @p1='?' (Size = 9), @p2='?' (DbType = DateTime), @p3='?' (Size = 3), @p4='?' (Size = 8), @p5='?' (Size = 9), @p6='?' (Size = 9)], CommandType='Text', CommandTimeout='30']
      INSERT INTO "case_activities" ("Id", "Actor", "At", "Kind", "Sub", "TicketId", "Title")
      VALUES (@p0, @p1, @p2, @p3, @p4, @p5, @p6);
info: Microsoft.EntityFrameworkCore.Database.Command[20101]
      Executed DbCommand (0ms) [Parameters=[@p0='?' (Size = 15), @p1='?' (Size = 9), @p2='?' (DbType = DateTime), @p3='?' (Size = 4), @p4='?' (Size = 20), @p5='?' (Size = 9), @p6='?' (Size = 10)], CommandType='Text', CommandTimeout='30']
      INSERT INTO "case_activities" ("Id", "Actor", "At", "Kind", "Sub", "TicketId", "Title")
      VALUES (@p0, @p1, @p2, @p3, @p4, @p5, @p6);
info: Microsoft.EntityFrameworkCore.Database.Command[20101]
      Executed DbCommand (0ms) [Parameters=[@p0='?' (Size = 15), @p1='?' (Size = 9), @p2='?' (DbType = DateTime), @p3='?' (Size = 6), @p4='?' (Size = 4), @p5='?' (Size = 9), @p6='?' (Size = 14)], CommandType='Text', CommandTimeout='30']
      INSERT INTO "case_activities" ("Id", "Actor", "At", "Kind", "Sub", "TicketId", "Title")
      VALUES (@p0, @p1, @p2, @p3, @p4, @p5, @p6);
info: Microsoft.EntityFrameworkCore.Database.Command[20101]
      Executed DbCommand (0ms) [Parameters=[@p0='?' (Size = 15), @p1='?' (Size = 9), @p2='?' (DbType = DateTime), @p3='?' (Size = 3), @p4='?' (Size = 8), @p5='?' (Size = 9), @p6='?' (Size = 9)], CommandType='Text', CommandTimeout='30']
      INSERT INTO "case_activities" ("Id", "Actor", "At", "Kind", "Sub", "TicketId", "Title")
      VALUES (@p0, @p1, @p2, @p3, @p4, @p5, @p6);
info: Microsoft.EntityFrameworkCore.Database.Command[20101]
      Executed DbCommand (0ms) [Parameters=[@p0='?' (Size = 15), @p1='?' (Size = 9), @p2='?' (DbType = DateTime), @p3='?' (Size = 4), @p4='?' (Size = 20), @p5='?' (Size = 9), @p6='?' (Size = 10)], CommandType='Text', CommandTimeout='30']
      INSERT INTO "case_activities" ("Id", "Actor", "At", "Kind", "Sub", "TicketId", "Title")
      VALUES (@p0, @p1, @p2, @p3, @p4, @p5, @p6);
info: Microsoft.EntityFrameworkCore.Database.Command[20101]
      Executed DbCommand (0ms) [Parameters=[@p0='?' (Size = 15), @p1='?' (Size = 9), @p2='?' (DbType = DateTime), @p3='?' (Size = 6), @p4='?' (Size = 4), @p5='?' (Size = 9), @p6='?' (Size = 14)], CommandType='Text', CommandTimeout='30']
      INSERT INTO "case_activities" ("Id", "Actor", "At", "Kind", "Sub", "TicketId", "Title")
      VALUES (@p0, @p1, @p2, @p3, @p4, @p5, @p6);
info: Microsoft.EntityFrameworkCore.Database.Command[20101]
      Executed DbCommand (0ms) [Parameters=[@p0='?' (Size = 15), @p1='?' (Size = 9), @p2='?' (DbType = DateTime), @p3='?' (Size = 10), @p4='?' (Size = 9), @p5='?' (Size = 9), @p6='?' (Size = 8)], CommandType='Text', CommandTimeout='30']
      INSERT INTO "case_activities" ("Id", "Actor", "At", "Kind", "Sub", "TicketId", "Title")
      VALUES (@p0, @p1, @p2, @p3, @p4, @p5, @p6);
info: Microsoft.EntityFrameworkCore.Database.Command[20101]
      Executed DbCommand (0ms) [Parameters=[@p0='?' (Size = 15), @p1='?' (Size = 8), @p2='?' (DbType = DateTime), @p3='?' (Size = 4), @p4='?' (Size = 20), @p5='?' (Size = 9), @p6='?' (Size = 10)], CommandType='Text', CommandTimeout='30']
      INSERT INTO "case_activities" ("Id", "Actor", "At", "Kind", "Sub", "TicketId", "Title")
      VALUES (@p0, @p1, @p2, @p3, @p4, @p5, @p6);
info: Microsoft.EntityFrameworkCore.Database.Command[20101]
      Executed DbCommand (0ms) [Parameters=[@p0='?' (Size = 15), @p1='?' (Size = 8), @p2='?' (DbType = DateTime), @p3='?' (Size = 6), @p4='?' (Size = 6), @p5='?' (Size = 9), @p6='?' (Size = 14)], CommandType='Text', CommandTimeout='30']
      INSERT INTO "case_activities" ("Id", "Actor", "At", "Kind", "Sub", "TicketId", "Title")
      VALUES (@p0, @p1, @p2, @p3, @p4, @p5, @p6);
info: Microsoft.EntityFrameworkCore.Database.Command[20101]
      Executed DbCommand (0ms) [Parameters=[@p0='?' (Size = 15), @p1='?' (Size = 8), @p2='?' (DbType = DateTime), @p3='?' (Size = 10), @p4='?' (Size = 8), @p5='?' (Size = 9), @p6='?' (Size = 8)], CommandType='Text', CommandTimeout='30']
      INSERT INTO "case_activities" ("Id", "Actor", "At", "Kind", "Sub", "TicketId", "Title")
      VALUES (@p0, @p1, @p2, @p3, @p4, @p5, @p6);
info: Microsoft.EntityFrameworkCore.Database.Command[20101]
      Executed DbCommand (0ms) [Parameters=[@p0='?' (Size = 15), @p1='?' (Size = 8), @p2='?' (DbType = DateTime), @p3='?' (Size = 5), @p4='?' (Size = 41), @p5='?' (Size = 9), @p6='?' (Size = 10)], CommandType='Text', CommandTimeout='30']
      INSERT INTO "case_activities" ("Id", "Actor", "At", "Kind", "Sub", "TicketId", "Title")
      VALUES (@p0, @p1, @p2, @p3, @p4, @p5, @p6);
info: Microsoft.EntityFrameworkCore.Database.Command[20101]
      Executed DbCommand (0ms) [Parameters=[@p0='?' (Size = 15), @p1='?' (Size = 6), @p2='?' (DbType = DateTime), @p3='?' (Size = 6), @p4='?' (Size = 8), @p5='?' (Size = 9), @p6='?' (Size = 14)], CommandType='Text', CommandTimeout='30']
      INSERT INTO "case_activities" ("Id", "Actor", "At", "Kind", "Sub", "TicketId", "Title")
      VALUES (@p0, @p1, @p2, @p3, @p4, @p5, @p6);
info: Microsoft.EntityFrameworkCore.Database.Command[20101]
      Executed DbCommand (0ms) [Parameters=[@p0='?' (Size = 15), @p1='?' (Size = 6), @p2='?' (DbType = DateTime), @p3='?' (Size = 10), @p4='?' (Size = 10), @p5='?' (Size = 9), @p6='?' (Size = 8)], CommandType='Text', CommandTimeout='30']
      INSERT INTO "case_activities" ("Id", "Actor", "At", "Kind", "Sub", "TicketId", "Title")
      VALUES (@p0, @p1, @p2, @p3, @p4, @p5, @p6);
info: Microsoft.EntityFrameworkCore.Database.Command[20101]
      Executed DbCommand (0ms) [Parameters=[@p0='?' (Size = 15), @p1='?' (Size = 6), @p2='?' (DbType = DateTime), @p3='?' (Size = 5), @p4='?' (Size = 41), @p5='?' (Size = 9), @p6='?' (Size = 10)], CommandType='Text', CommandTimeout='30']
      INSERT INTO "case_activities" ("Id", "Actor", "At", "Kind", "Sub", "TicketId", "Title")
      VALUES (@p0, @p1, @p2, @p3, @p4, @p5, @p6);
info: Microsoft.EntityFrameworkCore.Database.Command[20101]
      Executed DbCommand (0ms) [Parameters=[@p0='?' (Size = 15), @p1='?' (Size = 6), @p2='?' (DbType = DateTime), @p3='?' (Size = 3), @p4='?' (Size = 8), @p5='?' (Size = 9), @p6='?' (Size = 9)], CommandType='Text', CommandTimeout='30']
      INSERT INTO "case_activities" ("Id", "Actor", "At", "Kind", "Sub", "TicketId", "Title")
      VALUES (@p0, @p1, @p2, @p3, @p4, @p5, @p6);
info: Microsoft.EntityFrameworkCore.Database.Command[20101]
      Executed DbCommand (0ms) [Parameters=[@p0='?' (Size = 15), @p1='?' (Size = 7), @p2='?' (DbType = DateTime), @p3='?' (Size = 10), @p4='?' (Size = 7), @p5='?' (Size = 9), @p6='?' (Size = 8)], CommandType='Text', CommandTimeout='30']
      INSERT INTO "case_activities" ("Id", "Actor", "At", "Kind", "Sub", "TicketId", "Title")
      VALUES (@p0, @p1, @p2, @p3, @p4, @p5, @p6);
info: Microsoft.EntityFrameworkCore.Database.Command[20101]
      Executed DbCommand (0ms) [Parameters=[@p0='?' (Size = 15), @p1='?' (Size = 7), @p2='?' (DbType = DateTime), @p3='?' (Size = 5), @p4='?' (Size = 41), @p5='?' (Size = 9), @p6='?' (Size = 10)], CommandType='Text', CommandTimeout='30']
      INSERT INTO "case_activities" ("Id", "Actor", "At", "Kind", "Sub", "TicketId", "Title")
      VALUES (@p0, @p1, @p2, @p3, @p4, @p5, @p6);
info: Microsoft.EntityFrameworkCore.Database.Command[20101]
      Executed DbCommand (0ms) [Parameters=[@p0='?' (Size = 15), @p1='?' (Size = 7), @p2='?' (DbType = DateTime), @p3='?' (Size = 3), @p4='?' (Size = 8), @p5='?' (Size = 9), @p6='?' (Size = 9)], CommandType='Text', CommandTimeout='30']
      INSERT INTO "case_activities" ("Id", "Actor", "At", "Kind", "Sub", "TicketId", "Title")
      VALUES (@p0, @p1, @p2, @p3, @p4, @p5, @p6);
info: Microsoft.EntityFrameworkCore.Database.Command[20101]
      Executed DbCommand (0ms) [Parameters=[@p0='?' (Size = 15), @p1='?' (Size = 7), @p2='?' (DbType = DateTime), @p3='?' (Size = 4), @p4='?' (Size = 20), @p5='?' (Size = 9), @p6='?' (Size = 10)], CommandType='Text', CommandTimeout='30']
      INSERT INTO "case_activities" ("Id", "Actor", "At", "Kind", "Sub", "TicketId", "Title")
      VALUES (@p0, @p1, @p2, @p3, @p4, @p5, @p6);
info: Microsoft.EntityFrameworkCore.Database.Command[20101]
      Executed DbCommand (0ms) [Parameters=[@p0='?' (Size = 15), @p1='?' (Size = 9), @p2='?' (DbType = DateTime), @p3='?' (Size = 5), @p4='?' (Size = 41), @p5='?' (Size = 9), @p6='?' (Size = 10)], CommandType='Text', CommandTimeout='30']
      INSERT INTO "case_activities" ("Id", "Actor", "At", "Kind", "Sub", "TicketId", "Title")
      VALUES (@p0, @p1, @p2, @p3, @p4, @p5, @p6);
info: Microsoft.EntityFrameworkCore.Database.Command[20101]
      Executed DbCommand (0ms) [Parameters=[@p0='?' (Size = 15), @p1='?' (Size = 9), @p2='?' (DbType = DateTime), @p3='?' (Size = 3), @p4='?' (Size = 8), @p5='?' (Size = 9), @p6='?' (Size = 9)], CommandType='Text', CommandTimeout='30']
      INSERT INTO "case_activities" ("Id", "Actor", "At", "Kind", "Sub", "TicketId", "Title")
      VALUES (@p0, @p1, @p2, @p3, @p4, @p5, @p6);
info: Microsoft.EntityFrameworkCore.Database.Command[20101]
      Executed DbCommand (0ms) [Parameters=[@p0='?' (Size = 15), @p1='?' (Size = 9), @p2='?' (DbType = DateTime), @p3='?' (Size = 4), @p4='?' (Size = 20), @p5='?' (Size = 9), @p6='?' (Size = 10)], CommandType='Text', CommandTimeout='30']
      INSERT INTO "case_activities" ("Id", "Actor", "At", "Kind", "Sub", "TicketId", "Title")
      VALUES (@p0, @p1, @p2, @p3, @p4, @p5, @p6);
info: Microsoft.EntityFrameworkCore.Database.Command[20101]
      Executed DbCommand (0ms) [Parameters=[@p0='?' (Size = 15), @p1='?' (Size = 9), @p2='?' (DbType = DateTime), @p3='?' (Size = 6), @p4='?' (Size = 4), @p5='?' (Size = 9), @p6='?' (Size = 14)], CommandType='Text', CommandTimeout='30']
      INSERT INTO "case_activities" ("Id", "Actor", "At", "Kind", "Sub", "TicketId", "Title")
      VALUES (@p0, @p1, @p2, @p3, @p4, @p5, @p6);
info: Microsoft.EntityFrameworkCore.Database.Command[20101]
      Executed DbCommand (0ms) [Parameters=[@p0='?' (Size = 15), @p1='?' (Size = 9), @p2='?' (DbType = DateTime), @p3='?' (Size = 3), @p4='?' (Size = 8), @p5='?' (Size = 9), @p6='?' (Size = 9)], CommandType='Text', CommandTimeout='30']
      INSERT INTO "case_activities" ("Id", "Actor", "At", "Kind", "Sub", "TicketId", "Title")
      VALUES (@p0, @p1, @p2, @p3, @p4, @p5, @p6);
info: Microsoft.EntityFrameworkCore.Database.Command[20101]
      Executed DbCommand (0ms) [Parameters=[@p0='?' (Size = 15), @p1='?' (Size = 9), @p2='?' (DbType = DateTime), @p3='?' (Size = 4), @p4='?' (Size = 20), @p5='?' (Size = 9), @p6='?' (Size = 10)], CommandType='Text', CommandTimeout='30']
      INSERT INTO "case_activities" ("Id", "Actor", "At", "Kind", "Sub", "TicketId", "Title")
      VALUES (@p0, @p1, @p2, @p3, @p4, @p5, @p6);
info: Microsoft.EntityFrameworkCore.Database.Command[20101]
      Executed DbCommand (0ms) [Parameters=[@p0='?' (Size = 15), @p1='?' (Size = 9), @p2='?' (DbType = DateTime), @p3='?' (Size = 6), @p4='?' (Size = 4), @p5='?' (Size = 9), @p6='?' (Size = 14)], CommandType='Text', CommandTimeout='30']
      INSERT INTO "case_activities" ("Id", "Actor", "At", "Kind", "Sub", "TicketId", "Title")
      VALUES (@p0, @p1, @p2, @p3, @p4, @p5, @p6);
info: Microsoft.EntityFrameworkCore.Database.Command[20101]
      Executed DbCommand (0ms) [Parameters=[@p0='?' (Size = 15), @p1='?' (Size = 9), @p2='?' (DbType = DateTime), @p3='?' (Size = 10), @p4='?' (Size = 9), @p5='?' (Size = 9), @p6='?' (Size = 8)], CommandType='Text', CommandTimeout='30']
      INSERT INTO "case_activities" ("Id", "Actor", "At", "Kind", "Sub", "TicketId", "Title")
      VALUES (@p0, @p1, @p2, @p3, @p4, @p5, @p6);
info: Microsoft.EntityFrameworkCore.Database.Command[20101]
      Executed DbCommand (0ms) [Parameters=[@p0='?' (Size = 15), @p1='?' (Size = 8), @p2='?' (DbType = DateTime), @p3='?' (Size = 4), @p4='?' (Size = 20), @p5='?' (Size = 9), @p6='?' (Size = 10)], CommandType='Text', CommandTimeout='30']
      INSERT INTO "case_activities" ("Id", "Actor", "At", "Kind", "Sub", "TicketId", "Title")
      VALUES (@p0, @p1, @p2, @p3, @p4, @p5, @p6);
info: Microsoft.EntityFrameworkCore.Database.Command[20101]
      Executed DbCommand (0ms) [Parameters=[@p0='?' (Size = 15), @p1='?' (Size = 8), @p2='?' (DbType = DateTime), @p3='?' (Size = 6), @p4='?' (Size = 6), @p5='?' (Size = 9), @p6='?' (Size = 14)], CommandType='Text', CommandTimeout='30']
      INSERT INTO "case_activities" ("Id", "Actor", "At", "Kind", "Sub", "TicketId", "Title")
      VALUES (@p0, @p1, @p2, @p3, @p4, @p5, @p6);
info: Microsoft.EntityFrameworkCore.Database.Command[20101]
      Executed DbCommand (0ms) [Parameters=[@p0='?' (Size = 15), @p1='?' (Size = 8), @p2='?' (DbType = DateTime), @p3='?' (Size = 10), @p4='?' (Size = 8), @p5='?' (Size = 9), @p6='?' (Size = 8)], CommandType='Text', CommandTimeout='30']
      INSERT INTO "case_activities" ("Id", "Actor", "At", "Kind", "Sub", "TicketId", "Title")
      VALUES (@p0, @p1, @p2, @p3, @p4, @p5, @p6);
info: Microsoft.EntityFrameworkCore.Database.Command[20101]
      Executed DbCommand (0ms) [Parameters=[@p0='?' (Size = 15), @p1='?' (Size = 8), @p2='?' (DbType = DateTime), @p3='?' (Size = 5), @p4='?' (Size = 41), @p5='?' (Size = 9), @p6='?' (Size = 10)], CommandType='Text', CommandTimeout='30']
      INSERT INTO "case_activities" ("Id", "Actor", "At", "Kind", "Sub", "TicketId", "Title")
      VALUES (@p0, @p1, @p2, @p3, @p4, @p5, @p6);
info: Microsoft.EntityFrameworkCore.Database.Command[20101]
      Executed DbCommand (0ms) [Parameters=[@p0='?' (Size = 15), @p1='?' (Size = 6), @p2='?' (DbType = DateTime), @p3='?' (Size = 6), @p4='?' (Size = 4), @p5='?' (Size = 9), @p6='?' (Size = 14)], CommandType='Text', CommandTimeout='30']
      INSERT INTO "case_activities" ("Id", "Actor", "At", "Kind", "Sub", "TicketId", "Title")
      VALUES (@p0, @p1, @p2, @p3, @p4, @p5, @p6);
info: Microsoft.EntityFrameworkCore.Database.Command[20101]
      Executed DbCommand (0ms) [Parameters=[@p0='?' (Size = 15), @p1='?' (Size = 6), @p2='?' (DbType = DateTime), @p3='?' (Size = 10), @p4='?' (Size = 10), @p5='?' (Size = 9), @p6='?' (Size = 8)], CommandType='Text', CommandTimeout='30']
      INSERT INTO "case_activities" ("Id", "Actor", "At", "Kind", "Sub", "TicketId", "Title")
      VALUES (@p0, @p1, @p2, @p3, @p4, @p5, @p6);
info: Microsoft.EntityFrameworkCore.Database.Command[20101]
      Executed DbCommand (0ms) [Parameters=[@p0='?' (Size = 15), @p1='?' (Size = 6), @p2='?' (DbType = DateTime), @p3='?' (Size = 5), @p4='?' (Size = 41), @p5='?' (Size = 9), @p6='?' (Size = 10)], CommandType='Text', CommandTimeout='30']
      INSERT INTO "case_activities" ("Id", "Actor", "At", "Kind", "Sub", "TicketId", "Title")
      VALUES (@p0, @p1, @p2, @p3, @p4, @p5, @p6);
info: Microsoft.EntityFrameworkCore.Database.Command[20101]
      Executed DbCommand (0ms) [Parameters=[@p0='?' (Size = 15), @p1='?' (Size = 6), @p2='?' (DbType = DateTime), @p3='?' (Size = 3), @p4='?' (Size = 8), @p5='?' (Size = 9), @p6='?' (Size = 9)], CommandType='Text', CommandTimeout='30']
      INSERT INTO "case_activities" ("Id", "Actor", "At", "Kind", "Sub", "TicketId", "Title")
      VALUES (@p0, @p1, @p2, @p3, @p4, @p5, @p6);
info: Microsoft.EntityFrameworkCore.Database.Command[20101]
      Executed DbCommand (0ms) [Parameters=[@p0='?' (Size = 15), @p1='?' (Size = 7), @p2='?' (DbType = DateTime), @p3='?' (Size = 10), @p4='?' (Size = 7), @p5='?' (Size = 9), @p6='?' (Size = 8)], CommandType='Text', CommandTimeout='30']
      INSERT INTO "case_activities" ("Id", "Actor", "At", "Kind", "Sub", "TicketId", "Title")
      VALUES (@p0, @p1, @p2, @p3, @p4, @p5, @p6);
info: Microsoft.EntityFrameworkCore.Database.Command[20101]
      Executed DbCommand (0ms) [Parameters=[@p0='?' (Size = 15), @p1='?' (Size = 7), @p2='?' (DbType = DateTime), @p3='?' (Size = 5), @p4='?' (Size = 41), @p5='?' (Size = 9), @p6='?' (Size = 10)], CommandType='Text', CommandTimeout='30']
      INSERT INTO "case_activities" ("Id", "Actor", "At", "Kind", "Sub", "TicketId", "Title")
      VALUES (@p0, @p1, @p2, @p3, @p4, @p5, @p6);
info: Microsoft.EntityFrameworkCore.Database.Command[20101]
      Executed DbCommand (0ms) [Parameters=[@p0='?' (Size = 15), @p1='?' (Size = 7), @p2='?' (DbType = DateTime), @p3='?' (Size = 3), @p4='?' (Size = 8), @p5='?' (Size = 9), @p6='?' (Size = 9)], CommandType='Text', CommandTimeout='30']
      INSERT INTO "case_activities" ("Id", "Actor", "At", "Kind", "Sub", "TicketId", "Title")
      VALUES (@p0, @p1, @p2, @p3, @p4, @p5, @p6);
info: Microsoft.EntityFrameworkCore.Database.Command[20101]
      Executed DbCommand (0ms) [Parameters=[@p0='?' (Size = 15), @p1='?' (Size = 7), @p2='?' (DbType = DateTime), @p3='?' (Size = 4), @p4='?' (Size = 20), @p5='?' (Size = 9), @p6='?' (Size = 10)], CommandType='Text', CommandTimeout='30']
      INSERT INTO "case_activities" ("Id", "Actor", "At", "Kind", "Sub", "TicketId", "Title")
      VALUES (@p0, @p1, @p2, @p3, @p4, @p5, @p6);
info: Microsoft.EntityFrameworkCore.Database.Command[20101]
      Executed DbCommand (0ms) [Parameters=[@p0='?' (Size = 15), @p1='?' (Size = 8), @p2='?' (DbType = DateTime), @p3='?' (Size = 5), @p4='?' (Size = 41), @p5='?' (Size = 9), @p6='?' (Size = 10)], CommandType='Text', CommandTimeout='30']
      INSERT INTO "case_activities" ("Id", "Actor", "At", "Kind", "Sub", "TicketId", "Title")
      VALUES (@p0, @p1, @p2, @p3, @p4, @p5, @p6);
info: Microsoft.EntityFrameworkCore.Database.Command[20101]
      Executed DbCommand (0ms) [Parameters=[@p0='?' (Size = 15), @p1='?' (Size = 8), @p2='?' (DbType = DateTime), @p3='?' (Size = 3), @p4='?' (Size = 8), @p5='?' (Size = 9), @p6='?' (Size = 9)], CommandType='Text', CommandTimeout='30']
      INSERT INTO "case_activities" ("Id", "Actor", "At", "Kind", "Sub", "TicketId", "Title")
      VALUES (@p0, @p1, @p2, @p3, @p4, @p5, @p6);
info: Microsoft.EntityFrameworkCore.Database.Command[20101]
      Executed DbCommand (0ms) [Parameters=[@p0='?' (Size = 15), @p1='?' (Size = 8), @p2='?' (DbType = DateTime), @p3='?' (Size = 4), @p4='?' (Size = 20), @p5='?' (Size = 9), @p6='?' (Size = 10)], CommandType='Text', CommandTimeout='30']
      INSERT INTO "case_activities" ("Id", "Actor", "At", "Kind", "Sub", "TicketId", "Title")
      VALUES (@p0, @p1, @p2, @p3, @p4, @p5, @p6);
info: Microsoft.EntityFrameworkCore.Database.Command[20101]
      Executed DbCommand (0ms) [Parameters=[@p0='?' (Size = 15), @p1='?' (Size = 8), @p2='?' (DbType = DateTime), @p3='?' (Size = 6), @p4='?' (Size = 8), @p5='?' (Size = 9), @p6='?' (Size = 14)], CommandType='Text', CommandTimeout='30']
      INSERT INTO "case_activities" ("Id", "Actor", "At", "Kind", "Sub", "TicketId", "Title")
      VALUES (@p0, @p1, @p2, @p3, @p4, @p5, @p6);
info: Microsoft.EntityFrameworkCore.Database.Command[20101]
      Executed DbCommand (0ms) [Parameters=[@p0='?' (Size = 15), @p1='?' (Size = 9), @p2='?' (DbType = DateTime), @p3='?' (Size = 3), @p4='?' (Size = 8), @p5='?' (Size = 9), @p6='?' (Size = 9)], CommandType='Text', CommandTimeout='30']
      INSERT INTO "case_activities" ("Id", "Actor", "At", "Kind", "Sub", "TicketId", "Title")
      VALUES (@p0, @p1, @p2, @p3, @p4, @p5, @p6);
info: Microsoft.EntityFrameworkCore.Database.Command[20101]
      Executed DbCommand (0ms) [Parameters=[@p0='?' (Size = 15), @p1='?' (Size = 9), @p2='?' (DbType = DateTime), @p3='?' (Size = 4), @p4='?' (Size = 20), @p5='?' (Size = 9), @p6='?' (Size = 10)], CommandType='Text', CommandTimeout='30']
      INSERT INTO "case_activities" ("Id", "Actor", "At", "Kind", "Sub", "TicketId", "Title")
      VALUES (@p0, @p1, @p2, @p3, @p4, @p5, @p6);
info: Microsoft.EntityFrameworkCore.Database.Command[20101]
      Executed DbCommand (0ms) [Parameters=[@p0='?' (Size = 15), @p1='?' (Size = 9), @p2='?' (DbType = DateTime), @p3='?' (Size = 6), @p4='?' (Size = 4), @p5='?' (Size = 9), @p6='?' (Size = 14)], CommandType='Text', CommandTimeout='30']
      INSERT INTO "case_activities" ("Id", "Actor", "At", "Kind", "Sub", "TicketId", "Title")
      VALUES (@p0, @p1, @p2, @p3, @p4, @p5, @p6);
info: Microsoft.EntityFrameworkCore.Database.Command[20101]
      Executed DbCommand (0ms) [Parameters=[@p0='?' (Size = 15), @p1='?' (Size = 9), @p2='?' (DbType = DateTime), @p3='?' (Size = 10), @p4='?' (Size = 9), @p5='?' (Size = 9), @p6='?' (Size = 8)], CommandType='Text', CommandTimeout='30']
      INSERT INTO "case_activities" ("Id", "Actor", "At", "Kind", "Sub", "TicketId", "Title")
      VALUES (@p0, @p1, @p2, @p3, @p4, @p5, @p6);
info: Microsoft.EntityFrameworkCore.Database.Command[20101]
      Executed DbCommand (0ms) [Parameters=[@p0='?' (Size = 15), @p1='?' (Size = 9), @p2='?' (DbType = DateTime), @p3='?' (Size = 4), @p4='?' (Size = 20), @p5='?' (Size = 9), @p6='?' (Size = 10)], CommandType='Text', CommandTimeout='30']
      INSERT INTO "case_activities" ("Id", "Actor", "At", "Kind", "Sub", "TicketId", "Title")
      VALUES (@p0, @p1, @p2, @p3, @p4, @p5, @p6);
info: Microsoft.EntityFrameworkCore.Database.Command[20101]
      Executed DbCommand (0ms) [Parameters=[@p0='?' (Size = 15), @p1='?' (Size = 9), @p2='?' (DbType = DateTime), @p3='?' (Size = 6), @p4='?' (Size = 6), @p5='?' (Size = 9), @p6='?' (Size = 14)], CommandType='Text', CommandTimeout='30']
      INSERT INTO "case_activities" ("Id", "Actor", "At", "Kind", "Sub", "TicketId", "Title")
      VALUES (@p0, @p1, @p2, @p3, @p4, @p5, @p6);
info: Microsoft.EntityFrameworkCore.Database.Command[20101]
      Executed DbCommand (0ms) [Parameters=[@p0='?' (Size = 15), @p1='?' (Size = 9), @p2='?' (DbType = DateTime), @p3='?' (Size = 10), @p4='?' (Size = 9), @p5='?' (Size = 9), @p6='?' (Size = 8)], CommandType='Text', CommandTimeout='30']
      INSERT INTO "case_activities" ("Id", "Actor", "At", "Kind", "Sub", "TicketId", "Title")
      VALUES (@p0, @p1, @p2, @p3, @p4, @p5, @p6);
info: Microsoft.EntityFrameworkCore.Database.Command[20101]
      Executed DbCommand (0ms) [Parameters=[@p0='?' (Size = 15), @p1='?' (Size = 9), @p2='?' (DbType = DateTime), @p3='?' (Size = 5), @p4='?' (Size = 41), @p5='?' (Size = 9), @p6='?' (Size = 10)], CommandType='Text', CommandTimeout='30']
      INSERT INTO "case_activities" ("Id", "Actor", "At", "Kind", "Sub", "TicketId", "Title")
      VALUES (@p0, @p1, @p2, @p3, @p4, @p5, @p6);
info: Microsoft.EntityFrameworkCore.Database.Command[20101]
      Executed DbCommand (0ms) [Parameters=[@p0='?' (Size = 15), @p1='?' (Size = 6), @p2='?' (DbType = DateTime), @p3='?' (Size = 6), @p4='?' (Size = 7), @p5='?' (Size = 9), @p6='?' (Size = 14)], CommandType='Text', CommandTimeout='30']
      INSERT INTO "case_activities" ("Id", "Actor", "At", "Kind", "Sub", "TicketId", "Title")
      VALUES (@p0, @p1, @p2, @p3, @p4, @p5, @p6);
info: Microsoft.EntityFrameworkCore.Database.Command[20101]
      Executed DbCommand (0ms) [Parameters=[@p0='?' (Size = 15), @p1='?' (Size = 6), @p2='?' (DbType = DateTime), @p3='?' (Size = 10), @p4='?' (Size = 10), @p5='?' (Size = 9), @p6='?' (Size = 8)], CommandType='Text', CommandTimeout='30']
      INSERT INTO "case_activities" ("Id", "Actor", "At", "Kind", "Sub", "TicketId", "Title")
      VALUES (@p0, @p1, @p2, @p3, @p4, @p5, @p6);
info: Microsoft.EntityFrameworkCore.Database.Command[20101]
      Executed DbCommand (0ms) [Parameters=[@p0='?' (Size = 15), @p1='?' (Size = 6), @p2='?' (DbType = DateTime), @p3='?' (Size = 5), @p4='?' (Size = 41), @p5='?' (Size = 9), @p6='?' (Size = 10)], CommandType='Text', CommandTimeout='30']
      INSERT INTO "case_activities" ("Id", "Actor", "At", "Kind", "Sub", "TicketId", "Title")
      VALUES (@p0, @p1, @p2, @p3, @p4, @p5, @p6);
info: Microsoft.EntityFrameworkCore.Database.Command[20101]
      Executed DbCommand (0ms) [Parameters=[@p0='?' (Size = 15), @p1='?' (Size = 6), @p2='?' (DbType = DateTime), @p3='?' (Size = 3), @p4='?' (Size = 8), @p5='?' (Size = 9), @p6='?' (Size = 9)], CommandType='Text', CommandTimeout='30']
      INSERT INTO "case_activities" ("Id", "Actor", "At", "Kind", "Sub", "TicketId", "Title")
      VALUES (@p0, @p1, @p2, @p3, @p4, @p5, @p6);
info: Microsoft.EntityFrameworkCore.Database.Command[20101]
      Executed DbCommand (0ms) [Parameters=[@p0='?' (Size = 15), @p1='?' (Size = 10), @p2='?' (DbType = DateTime), @p3='?' (Size = 10), @p4='?' (Size = 10), @p5='?' (Size = 9), @p6='?' (Size = 8)], CommandType='Text', CommandTimeout='30']
      INSERT INTO "case_activities" ("Id", "Actor", "At", "Kind", "Sub", "TicketId", "Title")
      VALUES (@p0, @p1, @p2, @p3, @p4, @p5, @p6);
info: Microsoft.EntityFrameworkCore.Database.Command[20101]
      Executed DbCommand (0ms) [Parameters=[@p0='?' (Size = 15), @p1='?' (Size = 10), @p2='?' (DbType = DateTime), @p3='?' (Size = 5), @p4='?' (Size = 41), @p5='?' (Size = 9), @p6='?' (Size = 10)], CommandType='Text', CommandTimeout='30']
      INSERT INTO "case_activities" ("Id", "Actor", "At", "Kind", "Sub", "TicketId", "Title")
      VALUES (@p0, @p1, @p2, @p3, @p4, @p5, @p6);
info: Microsoft.EntityFrameworkCore.Database.Command[20101]
      Executed DbCommand (0ms) [Parameters=[@p0='?' (Size = 15), @p1='?' (Size = 10), @p2='?' (DbType = DateTime), @p3='?' (Size = 3), @p4='?' (Size = 8), @p5='?' (Size = 9), @p6='?' (Size = 9)], CommandType='Text', CommandTimeout='30']
      INSERT INTO "case_activities" ("Id", "Actor", "At", "Kind", "Sub", "TicketId", "Title")
      VALUES (@p0, @p1, @p2, @p3, @p4, @p5, @p6);
info: Microsoft.EntityFrameworkCore.Database.Command[20101]
      Executed DbCommand (0ms) [Parameters=[@p0='?' (Size = 15), @p1='?' (Size = 10), @p2='?' (DbType = DateTime), @p3='?' (Size = 4), @p4='?' (Size = 20), @p5='?' (Size = 9), @p6='?' (Size = 10)], CommandType='Text', CommandTimeout='30']
      INSERT INTO "case_activities" ("Id", "Actor", "At", "Kind", "Sub", "TicketId", "Title")
      VALUES (@p0, @p1, @p2, @p3, @p4, @p5, @p6);
info: Microsoft.EntityFrameworkCore.Database.Command[20101]
      Executed DbCommand (0ms) [Parameters=[@p0='?' (Size = 15), @p1='?' (Size = 7), @p2='?' (DbType = DateTime), @p3='?' (Size = 5), @p4='?' (Size = 41), @p5='?' (Size = 9), @p6='?' (Size = 10)], CommandType='Text', CommandTimeout='30']
      INSERT INTO "case_activities" ("Id", "Actor", "At", "Kind", "Sub", "TicketId", "Title")
      VALUES (@p0, @p1, @p2, @p3, @p4, @p5, @p6);
info: Microsoft.EntityFrameworkCore.Database.Command[20101]
      Executed DbCommand (0ms) [Parameters=[@p0='?' (Size = 15), @p1='?' (Size = 7), @p2='?' (DbType = DateTime), @p3='?' (Size = 3), @p4='?' (Size = 8), @p5='?' (Size = 9), @p6='?' (Size = 9)], CommandType='Text', CommandTimeout='30']
      INSERT INTO "case_activities" ("Id", "Actor", "At", "Kind", "Sub", "TicketId", "Title")
      VALUES (@p0, @p1, @p2, @p3, @p4, @p5, @p6);
info: Microsoft.EntityFrameworkCore.Database.Command[20101]
      Executed DbCommand (0ms) [Parameters=[@p0='?' (Size = 15), @p1='?' (Size = 7), @p2='?' (DbType = DateTime), @p3='?' (Size = 4), @p4='?' (Size = 20), @p5='?' (Size = 9), @p6='?' (Size = 10)], CommandType='Text', CommandTimeout='30']
      INSERT INTO "case_activities" ("Id", "Actor", "At", "Kind", "Sub", "TicketId", "Title")
      VALUES (@p0, @p1, @p2, @p3, @p4, @p5, @p6);
info: Microsoft.EntityFrameworkCore.Database.Command[20101]
      Executed DbCommand (0ms) [Parameters=[@p0='?' (Size = 15), @p1='?' (Size = 7), @p2='?' (DbType = DateTime), @p3='?' (Size = 6), @p4='?' (Size = 4), @p5='?' (Size = 9), @p6='?' (Size = 14)], CommandType='Text', CommandTimeout='30']
      INSERT INTO "case_activities" ("Id", "Actor", "At", "Kind", "Sub", "TicketId", "Title")
      VALUES (@p0, @p1, @p2, @p3, @p4, @p5, @p6);
info: Microsoft.EntityFrameworkCore.Database.Command[20101]
      Executed DbCommand (0ms) [Parameters=[@p0='?' (Size = 15), @p1='?' (Size = 9), @p2='?' (DbType = DateTime), @p3='?' (Size = 3), @p4='?' (Size = 8), @p5='?' (Size = 9), @p6='?' (Size = 9)], CommandType='Text', CommandTimeout='30']
      INSERT INTO "case_activities" ("Id", "Actor", "At", "Kind", "Sub", "TicketId", "Title")
      VALUES (@p0, @p1, @p2, @p3, @p4, @p5, @p6);
info: Microsoft.EntityFrameworkCore.Database.Command[20101]
      Executed DbCommand (0ms) [Parameters=[@p0='?' (Size = 15), @p1='?' (Size = 9), @p2='?' (DbType = DateTime), @p3='?' (Size = 4), @p4='?' (Size = 20), @p5='?' (Size = 9), @p6='?' (Size = 10)], CommandType='Text', CommandTimeout='30']
      INSERT INTO "case_activities" ("Id", "Actor", "At", "Kind", "Sub", "TicketId", "Title")
      VALUES (@p0, @p1, @p2, @p3, @p4, @p5, @p6);
info: Microsoft.EntityFrameworkCore.Database.Command[20101]
      Executed DbCommand (0ms) [Parameters=[@p0='?' (Size = 15), @p1='?' (Size = 9), @p2='?' (DbType = DateTime), @p3='?' (Size = 6), @p4='?' (Size = 4), @p5='?' (Size = 9), @p6='?' (Size = 14)], CommandType='Text', CommandTimeout='30']
      INSERT INTO "case_activities" ("Id", "Actor", "At", "Kind", "Sub", "TicketId", "Title")
      VALUES (@p0, @p1, @p2, @p3, @p4, @p5, @p6);
info: Microsoft.EntityFrameworkCore.Database.Command[20101]
      Executed DbCommand (0ms) [Parameters=[@p0='?' (Size = 15), @p1='?' (Size = 9), @p2='?' (DbType = DateTime), @p3='?' (Size = 10), @p4='?' (Size = 9), @p5='?' (Size = 9), @p6='?' (Size = 8)], CommandType='Text', CommandTimeout='30']
      INSERT INTO "case_activities" ("Id", "Actor", "At", "Kind", "Sub", "TicketId", "Title")
      VALUES (@p0, @p1, @p2, @p3, @p4, @p5, @p6);
info: Microsoft.EntityFrameworkCore.Database.Command[20101]
      Executed DbCommand (0ms) [Parameters=[@p0='?' (Size = 15), @p1='?' (Size = 9), @p2='?' (DbType = DateTime), @p3='?' (Size = 4), @p4='?' (Size = 20), @p5='?' (Size = 9), @p6='?' (Size = 10)], CommandType='Text', CommandTimeout='30']
      INSERT INTO "case_activities" ("Id", "Actor", "At", "Kind", "Sub", "TicketId", "Title")
      VALUES (@p0, @p1, @p2, @p3, @p4, @p5, @p6);
info: Microsoft.EntityFrameworkCore.Database.Command[20101]
      Executed DbCommand (0ms) [Parameters=[@p0='?' (Size = 15), @p1='?' (Size = 9), @p2='?' (DbType = DateTime), @p3='?' (Size = 6), @p4='?' (Size = 8), @p5='?' (Size = 9), @p6='?' (Size = 14)], CommandType='Text', CommandTimeout='30']
      INSERT INTO "case_activities" ("Id", "Actor", "At", "Kind", "Sub", "TicketId", "Title")
      VALUES (@p0, @p1, @p2, @p3, @p4, @p5, @p6);
info: Microsoft.EntityFrameworkCore.Database.Command[20101]
      Executed DbCommand (0ms) [Parameters=[@p0='?' (Size = 15), @p1='?' (Size = 9), @p2='?' (DbType = DateTime), @p3='?' (Size = 10), @p4='?' (Size = 9), @p5='?' (Size = 9), @p6='?' (Size = 8)], CommandType='Text', CommandTimeout='30']
      INSERT INTO "case_activities" ("Id", "Actor", "At", "Kind", "Sub", "TicketId", "Title")
      VALUES (@p0, @p1, @p2, @p3, @p4, @p5, @p6);
info: Microsoft.EntityFrameworkCore.Database.Command[20101]
      Executed DbCommand (0ms) [Parameters=[@p0='?' (Size = 15), @p1='?' (Size = 9), @p2='?' (DbType = DateTime), @p3='?' (Size = 5), @p4='?' (Size = 41), @p5='?' (Size = 9), @p6='?' (Size = 10)], CommandType='Text', CommandTimeout='30']
      INSERT INTO "case_activities" ("Id", "Actor", "At", "Kind", "Sub", "TicketId", "Title")
      VALUES (@p0, @p1, @p2, @p3, @p4, @p5, @p6);
info: Microsoft.EntityFrameworkCore.Database.Command[20101]
      Executed DbCommand (0ms) [Parameters=[@p0='?' (Size = 15), @p1='?' (Size = 6), @p2='?' (DbType = DateTime), @p3='?' (Size = 6), @p4='?' (Size = 7), @p5='?' (Size = 9), @p6='?' (Size = 14)], CommandType='Text', CommandTimeout='30']
      INSERT INTO "case_activities" ("Id", "Actor", "At", "Kind", "Sub", "TicketId", "Title")
      VALUES (@p0, @p1, @p2, @p3, @p4, @p5, @p6);
info: Microsoft.EntityFrameworkCore.Database.Command[20101]
      Executed DbCommand (0ms) [Parameters=[@p0='?' (Size = 15), @p1='?' (Size = 6), @p2='?' (DbType = DateTime), @p3='?' (Size = 10), @p4='?' (Size = 10), @p5='?' (Size = 9), @p6='?' (Size = 8)], CommandType='Text', CommandTimeout='30']
      INSERT INTO "case_activities" ("Id", "Actor", "At", "Kind", "Sub", "TicketId", "Title")
      VALUES (@p0, @p1, @p2, @p3, @p4, @p5, @p6);
info: Microsoft.EntityFrameworkCore.Database.Command[20101]
      Executed DbCommand (0ms) [Parameters=[@p0='?' (Size = 15), @p1='?' (Size = 6), @p2='?' (DbType = DateTime), @p3='?' (Size = 5), @p4='?' (Size = 41), @p5='?' (Size = 9), @p6='?' (Size = 10)], CommandType='Text', CommandTimeout='30']
      INSERT INTO "case_activities" ("Id", "Actor", "At", "Kind", "Sub", "TicketId", "Title")
      VALUES (@p0, @p1, @p2, @p3, @p4, @p5, @p6);
info: Microsoft.EntityFrameworkCore.Database.Command[20101]
      Executed DbCommand (0ms) [Parameters=[@p0='?' (Size = 15), @p1='?' (Size = 6), @p2='?' (DbType = DateTime), @p3='?' (Size = 3), @p4='?' (Size = 8), @p5='?' (Size = 9), @p6='?' (Size = 9)], CommandType='Text', CommandTimeout='30']
      INSERT INTO "case_activities" ("Id", "Actor", "At", "Kind", "Sub", "TicketId", "Title")
      VALUES (@p0, @p1, @p2, @p3, @p4, @p5, @p6);
info: Microsoft.EntityFrameworkCore.Database.Command[20101]
      Executed DbCommand (0ms) [Parameters=[@p0='?' (Size = 15), @p1='?' (Size = 9), @p2='?' (DbType = DateTime), @p3='?' (Size = 10), @p4='?' (Size = 9), @p5='?' (Size = 9), @p6='?' (Size = 8)], CommandType='Text', CommandTimeout='30']
      INSERT INTO "case_activities" ("Id", "Actor", "At", "Kind", "Sub", "TicketId", "Title")
      VALUES (@p0, @p1, @p2, @p3, @p4, @p5, @p6);
info: Microsoft.EntityFrameworkCore.Database.Command[20101]
      Executed DbCommand (0ms) [Parameters=[@p0='?' (Size = 15), @p1='?' (Size = 9), @p2='?' (DbType = DateTime), @p3='?' (Size = 5), @p4='?' (Size = 41), @p5='?' (Size = 9), @p6='?' (Size = 10)], CommandType='Text', CommandTimeout='30']
      INSERT INTO "case_activities" ("Id", "Actor", "At", "Kind", "Sub", "TicketId", "Title")
      VALUES (@p0, @p1, @p2, @p3, @p4, @p5, @p6);
info: Microsoft.EntityFrameworkCore.Database.Command[20101]
      Executed DbCommand (0ms) [Parameters=[@p0='?' (Size = 15), @p1='?' (Size = 9), @p2='?' (DbType = DateTime), @p3='?' (Size = 3), @p4='?' (Size = 8), @p5='?' (Size = 9), @p6='?' (Size = 9)], CommandType='Text', CommandTimeout='30']
      INSERT INTO "case_activities" ("Id", "Actor", "At", "Kind", "Sub", "TicketId", "Title")
      VALUES (@p0, @p1, @p2, @p3, @p4, @p5, @p6);
info: Microsoft.EntityFrameworkCore.Database.Command[20101]
      Executed DbCommand (0ms) [Parameters=[@p0='?' (Size = 15), @p1='?' (Size = 9), @p2='?' (DbType = DateTime), @p3='?' (Size = 4), @p4='?' (Size = 20), @p5='?' (Size = 9), @p6='?' (Size = 10)], CommandType='Text', CommandTimeout='30']
      INSERT INTO "case_activities" ("Id", "Actor", "At", "Kind", "Sub", "TicketId", "Title")
      VALUES (@p0, @p1, @p2, @p3, @p4, @p5, @p6);
info: Microsoft.EntityFrameworkCore.Database.Command[20101]
      Executed DbCommand (0ms) [Parameters=[@p0='?' (Size = 15), @p1='?' (Size = 8), @p2='?' (DbType = DateTime), @p3='?' (Size = 5), @p4='?' (Size = 41), @p5='?' (Size = 9), @p6='?' (Size = 10)], CommandType='Text', CommandTimeout='30']
      INSERT INTO "case_activities" ("Id", "Actor", "At", "Kind", "Sub", "TicketId", "Title")
      VALUES (@p0, @p1, @p2, @p3, @p4, @p5, @p6);
info: Microsoft.EntityFrameworkCore.Database.Command[20101]
      Executed DbCommand (0ms) [Parameters=[@p0='?' (Size = 15), @p1='?' (Size = 8), @p2='?' (DbType = DateTime), @p3='?' (Size = 3), @p4='?' (Size = 8), @p5='?' (Size = 9), @p6='?' (Size = 9)], CommandType='Text', CommandTimeout='30']
      INSERT INTO "case_activities" ("Id", "Actor", "At", "Kind", "Sub", "TicketId", "Title")
      VALUES (@p0, @p1, @p2, @p3, @p4, @p5, @p6);
info: Microsoft.EntityFrameworkCore.Database.Command[20101]
      Executed DbCommand (0ms) [Parameters=[@p0='?' (Size = 15), @p1='?' (Size = 8), @p2='?' (DbType = DateTime), @p3='?' (Size = 4), @p4='?' (Size = 20), @p5='?' (Size = 9), @p6='?' (Size = 10)], CommandType='Text', CommandTimeout='30']
      INSERT INTO "case_activities" ("Id", "Actor", "At", "Kind", "Sub", "TicketId", "Title")
      VALUES (@p0, @p1, @p2, @p3, @p4, @p5, @p6);
info: Microsoft.EntityFrameworkCore.Database.Command[20101]
      Executed DbCommand (0ms) [Parameters=[@p0='?' (Size = 15), @p1='?' (Size = 8), @p2='?' (DbType = DateTime), @p3='?' (Size = 6), @p4='?' (Size = 4), @p5='?' (Size = 9), @p6='?' (Size = 14)], CommandType='Text', CommandTimeout='30']
      INSERT INTO "case_activities" ("Id", "Actor", "At", "Kind", "Sub", "TicketId", "Title")
      VALUES (@p0, @p1, @p2, @p3, @p4, @p5, @p6);
info: Microsoft.EntityFrameworkCore.Database.Command[20101]
      Executed DbCommand (0ms) [Parameters=[@p0='?' (Size = 15), @p1='?' (Size = 8), @p2='?' (DbType = DateTime), @p3='?' (Size = 3), @p4='?' (Size = 8), @p5='?' (Size = 9), @p6='?' (Size = 9)], CommandType='Text', CommandTimeout='30']
      INSERT INTO "case_activities" ("Id", "Actor", "At", "Kind", "Sub", "TicketId", "Title")
      VALUES (@p0, @p1, @p2, @p3, @p4, @p5, @p6);
info: Microsoft.EntityFrameworkCore.Database.Command[20101]
      Executed DbCommand (0ms) [Parameters=[@p0='?' (Size = 15), @p1='?' (Size = 8), @p2='?' (DbType = DateTime), @p3='?' (Size = 4), @p4='?' (Size = 20), @p5='?' (Size = 9), @p6='?' (Size = 10)], CommandType='Text', CommandTimeout='30']
      INSERT INTO "case_activities" ("Id", "Actor", "At", "Kind", "Sub", "TicketId", "Title")
      VALUES (@p0, @p1, @p2, @p3, @p4, @p5, @p6);
info: Microsoft.EntityFrameworkCore.Database.Command[20101]
      Executed DbCommand (0ms) [Parameters=[@p0='?' (Size = 15), @p1='?' (Size = 8), @p2='?' (DbType = DateTime), @p3='?' (Size = 6), @p4='?' (Size = 4), @p5='?' (Size = 9), @p6='?' (Size = 14)], CommandType='Text', CommandTimeout='30']
      INSERT INTO "case_activities" ("Id", "Actor", "At", "Kind", "Sub", "TicketId", "Title")
      VALUES (@p0, @p1, @p2, @p3, @p4, @p5, @p6);
info: Microsoft.EntityFrameworkCore.Database.Command[20101]
      Executed DbCommand (0ms) [Parameters=[@p0='?' (Size = 15), @p1='?' (Size = 8), @p2='?' (DbType = DateTime), @p3='?' (Size = 10), @p4='?' (Size = 8), @p5='?' (Size = 9), @p6='?' (Size = 8)], CommandType='Text', CommandTimeout='30']
      INSERT INTO "case_activities" ("Id", "Actor", "At", "Kind", "Sub", "TicketId", "Title")
      VALUES (@p0, @p1, @p2, @p3, @p4, @p5, @p6);
info: Microsoft.EntityFrameworkCore.Database.Command[20101]
      Executed DbCommand (0ms) [Parameters=[@p0='?' (Size = 15), @p1='?' (Size = 7), @p2='?' (DbType = DateTime), @p3='?' (Size = 4), @p4='?' (Size = 20), @p5='?' (Size = 9), @p6='?' (Size = 10)], CommandType='Text', CommandTimeout='30']
      INSERT INTO "case_activities" ("Id", "Actor", "At", "Kind", "Sub", "TicketId", "Title")
      VALUES (@p0, @p1, @p2, @p3, @p4, @p5, @p6);
info: Microsoft.EntityFrameworkCore.Database.Command[20101]
      Executed DbCommand (0ms) [Parameters=[@p0='?' (Size = 15), @p1='?' (Size = 7), @p2='?' (DbType = DateTime), @p3='?' (Size = 6), @p4='?' (Size = 8), @p5='?' (Size = 9), @p6='?' (Size = 14)], CommandType='Text', CommandTimeout='30']
      INSERT INTO "case_activities" ("Id", "Actor", "At", "Kind", "Sub", "TicketId", "Title")
      VALUES (@p0, @p1, @p2, @p3, @p4, @p5, @p6);
info: Microsoft.EntityFrameworkCore.Database.Command[20101]
      Executed DbCommand (0ms) [Parameters=[@p0='?' (Size = 15), @p1='?' (Size = 7), @p2='?' (DbType = DateTime), @p3='?' (Size = 10), @p4='?' (Size = 7), @p5='?' (Size = 9), @p6='?' (Size = 8)], CommandType='Text', CommandTimeout='30']
      INSERT INTO "case_activities" ("Id", "Actor", "At", "Kind", "Sub", "TicketId", "Title")
      VALUES (@p0, @p1, @p2, @p3, @p4, @p5, @p6);
info: Microsoft.EntityFrameworkCore.Database.Command[20101]
      Executed DbCommand (0ms) [Parameters=[@p0='?' (Size = 15), @p1='?' (Size = 7), @p2='?' (DbType = DateTime), @p3='?' (Size = 5), @p4='?' (Size = 41), @p5='?' (Size = 9), @p6='?' (Size = 10)], CommandType='Text', CommandTimeout='30']
      INSERT INTO "case_activities" ("Id", "Actor", "At", "Kind", "Sub", "TicketId", "Title")
      VALUES (@p0, @p1, @p2, @p3, @p4, @p5, @p6);
info: Microsoft.EntityFrameworkCore.Database.Command[20101]
      Executed DbCommand (0ms) [Parameters=[@p0='?' (Size = 10), @p1='?' (Size = 218), @p2='?' (Size = 260), @p3='?' (Size = 25), @p4='?' (Size = 27)], CommandType='Text', CommandTimeout='30']
      INSERT INTO "escalation_workflows" ("Id", "PaletteJson", "StepsJson", "Subtitle", "Title")
      VALUES (@p0, @p1, @p2, @p3, @p4);
info: Microsoft.EntityFrameworkCore.Database.Command[20101]
      Executed DbCommand (0ms) [Parameters=[@p0='?' (Size = 3), @p1='?' (Size = 8), @p2='?' (Size = 28), @p3='?' (Size = 20), @p4='?' (Size = 13), @p5='?' (DbType = Int32)], CommandType='Text', CommandTimeout='30']
      INSERT INTO "macros" ("Id", "OwnerName", "Subtitle", "TagsJson", "Title", "UseCount")
      VALUES (@p0, @p1, @p2, @p3, @p4, @p5);
info: Microsoft.EntityFrameworkCore.Database.Command[20101]
      Executed DbCommand (0ms) [Parameters=[@p0='?' (Size = 3), @p1='?' (Size = 9), @p2='?' (Size = 23), @p3='?' (Size = 18), @p4='?' (Size = 15), @p5='?' (DbType = Int32)], CommandType='Text', CommandTimeout='30']
      INSERT INTO "macros" ("Id", "OwnerName", "Subtitle", "TagsJson", "Title", "UseCount")
      VALUES (@p0, @p1, @p2, @p3, @p4, @p5);
info: Microsoft.EntityFrameworkCore.Database.Command[20101]
      Executed DbCommand (0ms) [Parameters=[@p0='?' (Size = 3), @p1='?' (Size = 7), @p2='?' (Size = 23), @p3='?' (Size = 19), @p4='?' (Size = 18), @p5='?' (DbType = Int32)], CommandType='Text', CommandTimeout='30']
      INSERT INTO "macros" ("Id", "OwnerName", "Subtitle", "TagsJson", "Title", "UseCount")
      VALUES (@p0, @p1, @p2, @p3, @p4, @p5);
info: Microsoft.EntityFrameworkCore.Database.Command[20101]
      Executed DbCommand (0ms) [Parameters=[@p0='?' (Size = 3), @p1='?' (Size = 9), @p2='?' (Size = 29), @p3='?' (Size = 11), @p4='?' (Size = 9), @p5='?' (DbType = Int32)], CommandType='Text', CommandTimeout='30']
      INSERT INTO "macros" ("Id", "OwnerName", "Subtitle", "TagsJson", "Title", "UseCount")
      VALUES (@p0, @p1, @p2, @p3, @p4, @p5);
info: Microsoft.EntityFrameworkCore.Database.Command[20101]
      Executed DbCommand (0ms) [Parameters=[@p0='?' (Size = 3), @p1='?' (Size = 6), @p2='?' (Size = 41), @p3='?' (Size = 11), @p4='?' (Size = 27), @p5='?' (DbType = Int32)], CommandType='Text', CommandTimeout='30']
      INSERT INTO "macros" ("Id", "OwnerName", "Subtitle", "TagsJson", "Title", "UseCount")
      VALUES (@p0, @p1, @p2, @p3, @p4, @p5);
info: Microsoft.EntityFrameworkCore.Database.Command[20101]
      Executed DbCommand (0ms) [Parameters=[@p0='?' (Size = 4), @p1='?' (DbType = Boolean), @p2='?' (Size = 3), @p3='?' (Size = 2), @p4='?' (Size = 3), @p5='?' (Size = 12), @p6='?' (Size = 5), @p7='?' (Size = 35), @p8='?' (Size = 19), @p9='?' (DbType = DateTime), @p10='?' (Size = 8)], CommandType='Text', CommandTimeout='30']
      INSERT INTO "routing_rules" ("Id", "Active", "MatchChannel", "MatchPriority", "MatchTeam", "RouteToAgent", "RouteToTeam", "Subtitle", "Title", "UpdatedAt", "UpdatedBy")
      VALUES (@p0, @p1, @p2, @p3, @p4, @p5, @p6, @p7, @p8, @p9, @p10);
info: Microsoft.EntityFrameworkCore.Database.Command[20101]
      Executed DbCommand (0ms) [Parameters=[@p0='?' (Size = 4), @p1='?' (DbType = Boolean), @p2='?' (Size = 5), @p3='?' (Size = 3), @p4='?' (Size = 7), @p5='?' (Size = 11), @p6='?' (Size = 5), @p7='?' (Size = 42), @p8='?' (Size = 21), @p9='?' (DbType = DateTime), @p10='?' (Size = 8)], CommandType='Text', CommandTimeout='30']
      INSERT INTO "routing_rules" ("Id", "Active", "MatchChannel", "MatchPriority", "MatchTeam", "RouteToAgent", "RouteToTeam", "Subtitle", "Title", "UpdatedAt", "UpdatedBy")
      VALUES (@p0, @p1, @p2, @p3, @p4, @p5, @p6, @p7, @p8, @p9, @p10);
info: Microsoft.EntityFrameworkCore.Database.Command[20101]
      Executed DbCommand (0ms) [Parameters=[@p0='?' (Size = 4), @p1='?' (DbType = Boolean), @p2='?' (Size = 5), @p3='?' (Size = 3), @p4='?' (Size = 3), @p5='?' (Size = 10), @p6='?' (Size = 5), @p7='?' (Size = 28), @p8='?' (Size = 22), @p9='?' (DbType = DateTime), @p10='?' (Size = 8)], CommandType='Text', CommandTimeout='30']
      INSERT INTO "routing_rules" ("Id", "Active", "MatchChannel", "MatchPriority", "MatchTeam", "RouteToAgent", "RouteToTeam", "Subtitle", "Title", "UpdatedAt", "UpdatedBy")
      VALUES (@p0, @p1, @p2, @p3, @p4, @p5, @p6, @p7, @p8, @p9, @p10);
info: Microsoft.EntityFrameworkCore.Database.Command[20101]
      Executed DbCommand (0ms) [Parameters=[@p0='?' (Size = 4), @p1='?' (DbType = Boolean), @p2='?' (Size = 3), @p3='?' (Size = 3), @p4='?' (Size = 3), @p5='?' (Size = 12), @p6='?' (Size = 5), @p7='?' (Size = 26), @p8='?' (Size = 20), @p9='?' (DbType = DateTime), @p10='?' (Size = 8)], CommandType='Text', CommandTimeout='30']
      INSERT INTO "routing_rules" ("Id", "Active", "MatchChannel", "MatchPriority", "MatchTeam", "RouteToAgent", "RouteToTeam", "Subtitle", "Title", "UpdatedAt", "UpdatedBy")
      VALUES (@p0, @p1, @p2, @p3, @p4, @p5, @p6, @p7, @p8, @p9, @p10);
info: Microsoft.EntityFrameworkCore.Database.Command[20101]
      Executed DbCommand (0ms) [Parameters=[@p0='?' (Size = 5), @p1='?' (DbType = Boolean), @p2='?' (DbType = Boolean), @p3='?' (Size = 2), @p4='?' (Size = 7), @p5='?' (DbType = Int32), @p6='?' (DbType = Int32), @p7='?' (Size = 12), @p8='?' (DbType = DateTime), @p9='?' (Size = 8)], CommandType='Text', CommandTimeout='30']
      INSERT INTO "sla_policies" ("Id", "BreachAlert", "OnCallEscalation", "Priority", "Queue", "ResolutionMinutes", "ResponseMinutes", "Title", "UpdatedAt", "UpdatedBy")
      VALUES (@p0, @p1, @p2, @p3, @p4, @p5, @p6, @p7, @p8, @p9);
info: Microsoft.EntityFrameworkCore.Database.Command[20101]
      Executed DbCommand (0ms) [Parameters=[@p0='?' (Size = 5), @p1='?' (DbType = Boolean), @p2='?' (DbType = Boolean), @p3='?' (Size = 2), @p4='?' (Size = 8), @p5='?' (DbType = Int32), @p6='?' (DbType = Int32), @p7='?' (Size = 13), @p8='?' (DbType = DateTime), @p9='?' (Size = 8)], CommandType='Text', CommandTimeout='30']
      INSERT INTO "sla_policies" ("Id", "BreachAlert", "OnCallEscalation", "Priority", "Queue", "ResolutionMinutes", "ResponseMinutes", "Title", "UpdatedAt", "UpdatedBy")
      VALUES (@p0, @p1, @p2, @p3, @p4, @p5, @p6, @p7, @p8, @p9);
info: Microsoft.EntityFrameworkCore.Database.Command[20101]
      Executed DbCommand (0ms) [Parameters=[@p0='?' (Size = 5), @p1='?' (DbType = Boolean), @p2='?' (DbType = Boolean), @p3='?' (Size = 2), @p4='?' (Size = 7), @p5='?' (DbType = Int32), @p6='?' (DbType = Int32), @p7='?' (Size = 12), @p8='?' (DbType = DateTime), @p9='?' (Size = 8)], CommandType='Text', CommandTimeout='30']
      INSERT INTO "sla_policies" ("Id", "BreachAlert", "OnCallEscalation", "Priority", "Queue", "ResolutionMinutes", "ResponseMinutes", "Title", "UpdatedAt", "UpdatedBy")
      VALUES (@p0, @p1, @p2, @p3, @p4, @p5, @p6, @p7, @p8, @p9);
info: Microsoft.EntityFrameworkCore.Database.Command[20101]
      Executed DbCommand (0ms) [Parameters=[@p0='?' (Size = 5), @p1='?' (DbType = Boolean), @p2='?' (DbType = Boolean), @p3='?' (Size = 2), @p4='?' (Size = 7), @p5='?' (DbType = Int32), @p6='?' (DbType = Int32), @p7='?' (Size = 12), @p8='?' (DbType = DateTime), @p9='?' (Size = 8)], CommandType='Text', CommandTimeout='30']
      INSERT INTO "sla_policies" ("Id", "BreachAlert", "OnCallEscalation", "Priority", "Queue", "ResolutionMinutes", "ResponseMinutes", "Title", "UpdatedAt", "UpdatedBy")
      VALUES (@p0, @p1, @p2, @p3, @p4, @p5, @p6, @p7, @p8, @p9);
info: Microsoft.EntityFrameworkCore.Database.Command[20101]
      Executed DbCommand (0ms) [Parameters=[@p0='?' (Size = 5), @p1='?' (DbType = Boolean), @p2='?' (DbType = Boolean), @p3='?' (Size = 2), @p4='?' (Size = 3), @p5='?' (DbType = Int32), @p6='?' (DbType = Int32), @p7='?' (Size = 12), @p8='?' (DbType = DateTime), @p9='?' (Size = 8)], CommandType='Text', CommandTimeout='30']
      INSERT INTO "sla_policies" ("Id", "BreachAlert", "OnCallEscalation", "Priority", "Queue", "ResolutionMinutes", "ResponseMinutes", "Title", "UpdatedAt", "UpdatedBy")
      VALUES (@p0, @p1, @p2, @p3, @p4, @p5, @p6, @p7, @p8, @p9);
info: CustomerSupportSla.Infrastructure.Persistence.Seed.StartupSeederHostedService[0]
      [seed] Done. Seeded 7 agents, 80 tickets, 160 activities.
info: Microsoft.Hosting.Lifetime[14]
      Now listening on: http://127.0.0.1:5082
info: Microsoft.Hosting.Lifetime[0]
      Application started. Press Ctrl+C to shut down.
info: Microsoft.Hosting.Lifetime[0]
      Hosting environment: Production
info: Microsoft.Hosting.Lifetime[0]
      Content root path: D:\Showcase app\customer-support-sla-command-center-app\backend\src\CustomerSupportSla.Api
